Seller_ID,Seller_Name,Seller_Postal_Code,Seller_City,Country_Code,Seller_Country
0015a82c2db000af6aaaf3ae2ecb0532,PearlMoon,DE-60318,Frankfurt,DE,Germany
001cca7ae9ae17fb1caed9dfb1094831,TechInnovators,CZ-30200,"Plzeň (Pilsen)",CZ,Czechia
001e6ad469a905060d959994f1b41e4f,HorizonCommerce,FR-31100,Toulouse,FR,France
002100f778ceb8431b7a1020ff7ab48f,BlueBuilders,DE-39112,Magdeburg,DE,Germany
003554e2dce176b5555353e4f3555ac8,ProCommerce,IT-00121,Rome,IT,Italy
004c9cd9d87a3c30c522c48c4fc07416,HyperBuilders,DE-6110,"Halle (Saale)",DE,Germany
00720abe85ba0859807595bbf045a33b,BrightSynergies,DE-80339,Munich,DE,Germany
00ab3eff1b5192e5f1a63bcecfee11c8,LuminaraBloom,DE-10115,Berlin,DE,Germany
00d8b143d12632bad99c0ad66ad52825,BlazeGlow,NL-1015,Amsterdam,NL,Netherlands
00ee68308b45bc5e2660cd833c3f81cc,YonderBloom,DE-10115,Berlin,DE,Germany
00fc707aaaad2d31347cf883cd2dfe10,IridiumWave,AT-4020,Linz,AT,Austria
010543a62bd80aa422851e79a3bc7540,NebulaShade,DE-10178,Berlin,DE,Germany
010da0602d7774602cd1b3f5fb7b709e,GalaxiteValley,DE-50668,Cologne,DE,Germany
011b0eaba87386a2ae96a7d32bb531d1,SmartSolutions,DE-79100,"Freiburg im Breisgau",DE,Germany
01266d4c46afa519678d16a8b683d325,HyperXSolutionsPro,AT-1010,Vienna,AT,Austria
013900e863eace745d3ec7614cab5b1a,GlobalAI,AT-1010,Vienna,AT,Austria
014c0679dd340a0e338872e7ec85666a,AlphaTech,NL-1812,Alkmaar,NL,Netherlands
014d9a685fd57276679edd00e07089e5,LasuriteReef,AT-4040,Linz,AT,Austria
0176f73cc1195f367f7b32db1e5b3aa8,VisionVentures,DE-6110,"Halle (Saale)",DE,Germany
01bcc9d254a0143f0ce9791b960b2a47,QuantumGrowth,IT-43125,Parma,IT,Italy
01c97ebb5cdac52891c0ed1c37ba0012,EliteEdge,DE-18055,Rostock,DE,Germany
01cf7e3d21494c41fb86034f2e714fa1,NovaTech,AT-3402,Klosterneuburg,AT,Austria
01ed254b9ff8407dfb9d99ba1e17d923,EdingtonitePeak,DE-30159,Hanover,DE,Germany
01fd077212124329bac32490e8ef80d9,StratosIndustries,DE-58093,Hagen,DE,Germany
01fdefa7697d26ad920e9e0346d4bd1b,GoethiteStar,AT-8040,Graz,AT,Austria
0241d4d5d36f10f80c644447315af0bd,SecureInnovators,AT-1020,Vienna,AT,Austria
0249d282d911d23cb8b869ab49c99f53,LagoonGlow,DE-10117,Berlin,DE,Germany
024b564ae893ce8e9bfa02c10a401ece,QuartzPeak,DE-10115,Berlin,DE,Germany
028872bfa080090a9d0abd4f1af168f8,AuroraPulse,NL-3812,Amersfoort,NL,Netherlands
02a2272692e13558373c66db98f05e2e,VisionaryThinkers,FR-75001,Paris,FR,France
02b72cdeb9cfcc429f1af6f4e3f3b737,HyperXAI,DE-6112,"Halle (Saale)",DE,Germany
02c988090b766852e088c69d7fb3b551,KermesiteGlow,DE-9115,Chemnitz,DE,Germany
02d35243ea2e497335cd0f076b45675d,GraphiteReef,TR-34728,Istanbul,TR,Turkey
02dcd3e8e25bee036e32512bcf175493,InnovaTech,NL-2512,"The Hague (Den Haag)",NL,Netherlands
02ecc2a19303f05e59ce133fd923fff7,IronLeaf,DE-60318,Frankfurt,DE,Germany
02f5837340d7eb4f653d676c7256523a,GlobalGlobal,AT-1040,Vienna,AT,Austria
02f623a8eb246f3c5f7c2f96462654e6,AlphaInnovators,DE-39106,Magdeburg,DE,Germany
0307f7565ff85b299b6e5ef162b1b1a9,GaspeiteStar,DE-47053,Duisburg,DE,Germany
0336182e1b3e92f029d5354832045fdf,VisionaryEdge,DE-6110,"Halle (Saale)",DE,Germany
034b9387752bfa309f350a70cd45ffa3,ZenithGlow,CH-4003,Basel,CH,Switzerland
038b75b729c8a9a04b0d07cba7eabe86,MatilditePeak,DE-4103,Leipzig,DE,Germany
039b29ff3b3473435d0cd59040575de9,FusionBuilders,DE-42653,Solingen,DE,Germany
039e6ad9dae79614493083e241147386,JadeWave,DE-10115,Berlin,DE,Germany
03a2a6dcbe45d639c4dc2a0d24769c40,OmniWorks,DE-42103,Wuppertal,DE,Germany
03bd479e1d9484cdb14104d3023f7321,IgniteCommerce,NL-3512,Utrecht,NL,Netherlands
0417b067eeab773d2f7061a726dc477f,BlueData,CH-1702,Fribourg,CH,Switzerland
042573af89b6d931f672efaf789d8358,FranckeitePeak,DE-44139,Dortmund,DE,Germany
04308b1ee57b6625f47df1d56f00eedf,SynergyDynamics,CH-8203,Schaffhausen,CH,Switzerland
0432ead42b6c8a0bdf68154add917fdf,CoreEdge,DE-42103,Wuppertal,DE,Germany
044668ccd5316b12a7cf0d54a156e3e9,FlareGroup,DE-70173,Stuttgart,DE,Germany
04843805947f0fc584fc1969b6e50fe7,IgniteStratagems,BE-7714,Mouscron,BE,Belgium
048c2757535328e0d7dac690ad3c0aae,MetaData,DE-39110,Magdeburg,DE,Germany
04aa0a1c5ce6b222003403a3e11c3cc0,JupiterBuilders,DE-55124,Mainz,DE,Germany
04aba03279157f6d4e0fe8ccaf21963c,GenesisLabs,FR-80090,Amiens,FR,France
04e38a233f726ef161074ab1c9b0399a,CrimsonDawn,DE-10119,Berlin,DE,Germany
04ee0ec01589969663ba5967c0e0bdc0,AllaniteStream,BE-8520,Kortrijk,BE,Belgium
04fdea0c111866e6cf812f1570d6b5bd,JadeMist,DE-10115,Berlin,DE,Germany
0509040ea3fe50071181bbc359eb7738,FlareStone,NL-1014,Amsterdam,NL,Netherlands
052577151711aec5c744fe12e66db3e1,BrightGroup,CH-3601,Thun,CH,Switzerland
054694fa03fe82cec4b7551487331d74,BetaStratagems,DE-23554,Lübeck,DE,Germany
056b4ada5bbc2c50cc7842547dda6b51,MetatorberniteSky,FR-29200,Brest,FR,France
0570350b23eda5444f8d1d9544932058,AetherMist,DE-10117,Berlin,DE,Germany
05730013efda596306417c3b09302475,DynamicHub,CH-6900,Lugano,CH,Switzerland
058cb5aeb36d7c0fcae20fc85d5e0a59,ElevatePartners,FR-75015,Paris,FR,France
058fd0aa2bfdb2274e05e1ae971dabb6,AtacamiteEdge,DE-60316,Frankfurt,DE,Germany
05a48cc8859962767935ab9087417fbb,DraviteStar,DE-10117,Berlin,DE,Germany
05a940b4ecae36cadfd8e93bd9c43257,HyperLabs,IT-00135,Rome,IT,Italy
05aebce0b5c8f0d41b29b686f2d05fd3,CelestialGlow,DE-10179,Berlin,DE,Germany
05ca864204d09595ae591b93ea9cf93d,MelanteriteGlow,DE-1109,Dresden,DE,Germany
05d2173d43ea568aa0540eba70d2ca76,TurboCreators,NL-8914,Leeuwarden,NL,Netherlands
05e107217c7266362fd44b75b2cd4cc4,OmniPioneers,DE-79099,"Freiburg im Breisgau",DE,Germany
05f51e13da97139648b8125c31e5f51b,PrismStone,NL-1013,Amsterdam,NL,Netherlands
05feb94f19d094d4b0f9281f0b1d4c99,AstrophylliteGlow,DE-30163,Hanover,DE,Germany
05ff92fedb5be47920fea08e501238b9,EliteWorks,BE-7700,Mouscron,BE,Belgium
062c325cd6a2b87845fab56b4ec2eeae,PrismStone,DE-10119,Berlin,DE,Germany
062ce95fa2ad4dfaedfc79260130565f,MerelaniiteLeaf,BE-8500,Kortrijk,BE,Belgium
06532f10282704ef4c69168b914b77be,GlobalConsulting,AT-4064,Leonding,AT,Austria
06579cb253ecd5a3a12a9e6eb6bf8f47,HyperXWorks,DE-79102,"Freiburg im Breisgau",DE,Germany
066a6914e1ebf3ea95a216c73a986b91,EliteHub,AT-9520,Villach,AT,Austria
0691148aee60ca47977c187804f935ae,MalachiteStream,AT-8030,Graz,AT,Austria
0692610d8abe24f287e9fae90ea0bbee,LavoisieriteStar,DE-10178,Berlin,DE,Germany
06a2c3af7b3aee5d69171b0e14f0ee87,QuantumStone,RS-11010,Belgrade,RS,Serbia
06bb3a2fe5e7b7a845b13e8fb91bd944,ZephyrFlare,NL-1012,Amsterdam,NL,Netherlands
06df0c10d34e459d9672bc77388742eb,LeucophoeniciteGlow,AT-4030,Linz,AT,Austria
06e5eefc71ec47ae763c5c6f8db7064f,YonderHaven,BE-2040,Antwerp,BE,Belgium
07017df32dc5f2f1d2801e579548d620,CaledoniteGlow,SK-83103,Bratislava,SK,Slovakia
070d165398b553f3b4b851c216b8a358,GlacierGlade,DE-10178,Berlin,DE,Germany
0725b8c0f3f906e58f70cbe76b7c748c,JupiterWorks,DE-80331,Munich,DE,Germany
0743a0239d764b9a0f959a57d07e36ab,BlazeGlow,DE-10115,Berlin,DE,Germany
0747d5bb69f0586cc869d8af4c50f93e,UltraBlueprints,FR-57090,Metz,FR,France
0761743cbffb25d7148189e9f1a5f03a,KokchetaviteCloud,DE-28199,Bremen,DE,Germany
077c5fae4bea9500e3737b16f71b9d3a,ManganaxiniteLeaf,DE-44143,Dortmund,DE,Germany
0791d9fc1e30678ecf03d3e55fa108d3,UmbralMist,NL-1012,Amsterdam,NL,Netherlands
079d295dcbf06ee8bb1b65ba964eb2b6,TitaniumFlare,DE-10117,Berlin,DE,Germany
07a9bc7f61396b658ddf3ac534efe44c,AuroraPulse,DE-10115,Berlin,DE,Germany
07bf9669d84d1f11be443a9dd938f698,MirageShade,DE-10179,Berlin,DE,Germany
07d75e33f2750d97d467fb57e4dfdd8a,BorealBloom,DE-10179,Berlin,DE,Germany
07de60b03d150fb3ea09eab5da5e4c8b,GlobalInnovators,DE-6110,"Halle (Saale)",DE,Germany
07e8e8fc5222bb358e6f259da3197074,FlareStone,DE-10115,Berlin,DE,Germany
080102cd0a76b09e0dcf55fcacc60e05,AuroraCrest,NL-1013,Amsterdam,NL,Netherlands
080199a181c46c657dc5aa235411be3b,JupiterVentures,DE-70174,Stuttgart,DE,Germany
08061dc0fc165ed41288cc7acde738ee,AccelTransform,DE-70174,Stuttgart,DE,Germany
08084d990eb3f53af056ccbc1730c8a7,PolarisPeak,DE-10178,Berlin,DE,Germany
081acf3de680d554796c9cf041be7bc2,NeuroBlueprints,NL-7811,Emmen,NL,Netherlands
082e0bf4cb865a6533b1e8e498cc0255,DeepIndustries,DE-39108,Magdeburg,DE,Germany
085f6f7e049c996695fb2074fe38d45e,OmniGroup,DE-65189,Wiesbaden,DE,Germany
08633c14ef2db992c11f840f04fad4cd,OmniNetwork,DE-42651,Solingen,DE,Germany
0873d9f8f36123f8d910f4760e788cfb,MatlockiteReef,DE-1099,Dresden,DE,Germany
0885aaf116795758dfeb5f1032487bcd,HyperInnovators,DE-55116,Mainz,DE,Germany
0887a9f087bcd5d9f6642b52f897fc6c,NovaNetwork,DE-49074,Osnabrück,DE,Germany
08ad4ac1388e4420ca531c3edfc46198,SwiftThinkers,DE-39110,Magdeburg,DE,Germany
08cdbae123ff67ca4e36d9d641ce0119,AccelInnovations,NL-8912,Leeuwarden,NL,Netherlands
08d0949a9a17c027262db1f3c450c26c,HorizonCorp,AT-5060,Salzburg,AT,Austria
08d1c9478fb0d7d7fcac9c0da4e82fc7,VividGlow,NL-1012,Amsterdam,NL,Netherlands
08d2d642cf72b622b14dde1d2f5eb2f5,SolarMist,DE-52064,Aachen,DE,Germany
08f5819815f3d06545011850bd70f0a8,KillalaiteLeaf,DE-40215,Düsseldorf,DE,Germany
091065b789659bc3cd9af9cb3a6253ff,GalenaSky,BE-6010,Charleroi,BE,Belgium
0936e1837d0c79253456bbb2ffaaef10,HaloHaven,DE-10117,Berlin,DE,Germany
093805f8f2aeb63881444571e1f48f30,NeuroCommerce,DE-70174,Stuttgart,DE,Germany
094ced053e257ae8cae57205592d6712,RutileLeaf,DE-28195,Bremen,DE,Germany
0951a6e282947e09cd47969f4ed0b47f,BreithauptiteRiver,DE-53111,Bonn,DE,Germany
09883d9ab71c8fe8a9bfc7fc3075b07e,StellarHaven,DE-10117,Berlin,DE,Germany
099095b050cfe8eb1ddff5317587e96e,MagnesiohastingsiteTower,DE-10119,Berlin,DE,Germany
09bad886111255c5b5030314fc7f1a4a,StellarHaven,DE-10179,Berlin,DE,Germany
09f952a5f58d2285b0372551ae8f9b01,LiddicoatiteReef,DE-50674,Cologne,DE,Germany
0a198e95d32b1be2da9424c962a6ebfa,AccelGrowth,NL-2515,"The Hague (Den Haag)",NL,Netherlands
0a82f5fb06a4fe4ac2cf7cb412ec71b8,MargaritasiteCloud,DE-10179,Berlin,DE,Germany
0a85ebe4e328db81ac9109781205e2f7,JulgolditeLeaf,DE-45131,Essen,DE,Germany
0aa124728afc1131dff5655f4c6f487b,IgniteFutures,NL-8912,Leeuwarden,NL,Netherlands
0aa2205ca24f113f4658a5c536667426,Orbital,DE-10115,Berlin,DE,Germany
0ac4201fda2c68ebc0e47cb9423cf3c9,InfinityHaven,DE-10179,Berlin,DE,Germany
0ad80de75c811326389cfb1daba7d45e,NextGenTransform,FR-75003,Paris,FR,France
0adac9fbd9a2b63cccaac4f8756c1ca8,NeuroCreators,DE-66119,Saarbrücken,DE,Germany
0ade5cc4a305ed7093a23f68ca47519c,FlareDynamics,AT-1040,Vienna,AT,Austria
0aea4c6ae1505b3228ddf3dd7822ee5b,AmberGlow,DE-44143,Dortmund,DE,Germany
0af2ab31141893d26aca5a404a537dab,DuskBreeze,DE-10119,Berlin,DE,Germany
0af977692321d895349eded183341d28,SmithsoniteStar,DE-40211,Düsseldorf,DE,Germany
0afccdb8a34ee5c79f7c06faf2b4d56e,UltraStratagems,NL-3513,Utrecht,NL,Netherlands
0b09101900100c0e9d312861fad5a1b9,EchoPeak,DE-10178,Berlin,DE,Germany
0b0ddbc7b9d9584f442c7ac92b0ff6c9,HyperEnterprises,DE-80335,Munich,DE,Germany
0b18d63d0cd1d723567903fd34a07df2,VisionaryIndustries,DE-6108,"Halle (Saale)",DE,Germany
0b1ca3ef18a63d7eb0c8897fa0849c08,IgniteEnterprises,DE-26121,Oldenburg,DE,Germany
0b35c634521043bf4b47e21547b99ab5,ProInnovators,AT-9402,Wolfsberg,AT,Austria
0b36063d5818f81ccb94b54adfaebbf5,BoleiteStream,CH-2501,Biel/Bienne,CH,Switzerland
0b3f27369a4d8df98f7eb91077e438ac,VisionaryInnovations,DE-79098,"Freiburg im Breisgau",DE,Germany
0b46f784306be7200ca1700aa55d819f,IvyShade,NL-1011,Amsterdam,NL,Netherlands
0b64bcdb0784abc139af04077d49a20e,Mund,BE-6000,Charleroi,BE,Belgium
0b90b6df587eb83608a64ea8b390cf07,KinoshitaliteValley,AT-4040,Linz,AT,Austria
0bae85eb84b9fb3bd773911e89288d54,SynergyEnterprises,DE-23556,Lübeck,DE,Germany
0bb27263628258b8111a0262769fa9db,TerraMist,DE-10119,Berlin,DE,Germany
0bb738e4d789e63e2267697c42d35a2d,SecureLogistics,DE-26123,Oldenburg,DE,Germany
0be8ff43f22e456b4e0371b2245e4d01,ZephyrGlow,DE-10179,Berlin,DE,Germany
0bebbb2cea103a4a020c95d43fd7d754,FrostlineMist,DE-10179,Berlin,DE,Germany
0bf0150d5b9d60d9cd2906003332f085,XenonGlade,DE-10119,Berlin,DE,Germany
0bfd0b434243adc5c2e1aa6baf19c6aa,VisionHub,FR-75003,Paris,FR,France
0c7533c71df861ec58ad7ff999ed0e8d,BlueLogistics,DE-51375,Leverkusen,DE,Germany
0c7f30ae9b147eca07affbef92832a6a,MummeiteWave,AT-6030,Innsbruck,AT,Austria
0c8380b62e38e8a1e6adbeba7eb9688c,PrimeHub,NL-5913,Venlo,NL,Netherlands
0cab2da43793a6f3c5ed8514c5f54627,VisionaryBlueprints,AT-1040,Vienna,AT,Austria
0cbcee27c791afa0cdcb08587a2013a8,CoreLabs,NL-5915,Venlo,NL,Netherlands
0d33a55da925bbf1ff02af5f6059fc7f,BabingtoniteWave,DE-10179,Berlin,DE,Germany
0d4c8269e7f0401201794deef160edd6,LindqvistiteMoon,DE-28203,Bremen,DE,Germany
0d83f8e03188682112cc0d93523705cc,DynamoShade,BE-2020,Antwerp,BE,Belgium
0d85bbda9889ce1f7e63778d24f346eb,GreenGrowth,NL-3511,Utrecht,NL,Netherlands
0daf5180aa44356f60f8effa533b55a2,TechCommerce,IT-00155,Rome,IT,Italy
0db783cfcd3b73998abc6e10e59a102f,BlueHorizon,DE-40211,Düsseldorf,DE,Germany
0dd184061fb0eaa7ca37932c68ab91c5,DynamicBuilders,DE-80337,Munich,DE,Germany
0ddefe3c7a032b91f4e25b9c3a08fca1,MantienneiteWind,DE-50670,Cologne,DE,Germany
0df3984f9dfb3d49ac6366acbd3bbb85,SynergyLabsX,NL-5012,Tilburg,NL,Netherlands
0dfbed20065e425d2eaefb101f9816c0,HyperXTechies,DE-66119,Saarbrücken,DE,Germany
0e44d110fa6a54e121cb2c095a77762f,InnovaEdge,DE-42651,Solingen,DE,Germany
0e72c1a751b496722a6cb1f10653b62a,BorealBloom,DE-10117,Berlin,DE,Germany
0e982cff76cc0579f632cea8a0e38c9d,DumortieriteGlow,CH-3002,Bern,CH,Switzerland
0ea22c1cfbdc755f86b9b54b39c16043,LithiophoriteWind,NL-7512,Enschede,NL,Netherlands
0eaa7e33d73809f1f925f7d07c506cbd,KunziteSky,DE-60318,Frankfurt,DE,Germany
0ebd97a106433a45a4aebe57c1799778,PrimeSynergies,NL-2512,"The Hague (Den Haag)",NL,Netherlands
0ec28cec4046a4a199b6de9b4c891d97,SmartTechies,IT-00155,Rome,IT,Italy
0ed6ce5d87fd9c69eaacaeb778d67235,HiddeniteLeaf,DE-9115,Chemnitz,DE,Germany
0ee4fb99ac55ffbbc98795aa01b7f8fa,VisionTransform,DE-59069,Hamm,DE,Germany
0ef83d7d83ed97cd2a0049ac8be5f88a,GreenSystems,AT-1050,Vienna,AT,Austria
0f0c984a4a955310903b6b6008660bad,GenesisAI,DE-39106,Magdeburg,DE,Germany
0f519b0d2e5eb2227c93dd25038bfc01,JupiterSolutionsPro,DE-6110,"Halle (Saale)",DE,Germany
0f7eea709efdf942b5f95c7516dbacd7,DynamicSolutions,DE-26127,Oldenburg,DE,Germany
0f80a40c312b2472dca482cf50f5186f,CoreGlobal,DE-6110,"Halle (Saale)",DE,Germany
0f94588695d71662beec8d883ffacf09,BetaInnovators,CH-8003,Zurich,CH,Switzerland
0fe2d9733ed841eb064503920015a8c0,SwiftBuilders,DE-67059,"Ludwigshafen am Rhein",DE,Germany
0ff83046c3fa22efee8ecf291888b191,LindackeriteValley,BE-9060,Ghent,BE,Belgium
0ffa40d54288e4f3499b8780dd0f144f,SmartData,DE-47799,Krefeld,DE,Germany
10076e5788b8ee532724bcd460baf762,EcoConsulting,DE-55120,Mainz,DE,Germany
10089e9f2fd0c668a8fd4e52e1698888,ChalcanthiteReef,DE-47053,Duisburg,DE,Germany
101921376b577a4540dc30e9009133ca,CorePartners,DE-55122,Mainz,DE,Germany
101a3a003516bc11253298b2fad3cb65,DataVentures,DE-55116,Mainz,DE,Germany
1025f0e2d44d7041d6cf58b6550e0bfa,DynamoShade,DE-10119,Berlin,DE,Germany
10264f60a8f0a4d2f30810f5c661c673,JarositeGlow,DE-20099,Hamburg,DE,Germany
1099a00e0ee3a50935e6c2447ca090c5,HyperXBlueprints,FR-75002,Paris,FR,France
10cdd491d1dbea8fb4ead97b19c334ce,GlobalPioneers,NL-8014,Zwolle,NL,Netherlands
10ff823eda2b032e2c93d17a7d294736,CyberTechies,DE-26122,Oldenburg,DE,Germany
112453736dbe3889cfb74e1aaa0ba0c1,GlacierGlade,DE-10119,Berlin,DE,Germany
1127b7f2594683f2510f1c2c834a486b,MarriteValley,DE-20146,Hamburg,DE,Germany
11305281b50fff20ae8bb473f8e11876,VisionIndustries,NL-8911,Leeuwarden,NL,Netherlands
113e3a788b935f48aad63e1c41dac1bd,QuantumBuilders,DE-26127,Oldenburg,DE,Germany
116ccb1a1604bc88e4d234a8c23f33de,FerrohornblendeValley,DE-50667,Cologne,DE,Germany
11742f81550ac064cc9a40f67151d9ad,BetaSystems,DE-18061,Rostock,DE,Germany
117cfc326c6d50da67ca858ff5c0c852,MallarditeReef,FR-76700,"Le Havre",FR,France
11938fcc75f6902fea1d0a6f72b54a57,GenesisTech,CH-1703,Fribourg,CH,Switzerland
119c7f1a00ef43fad0e57604e76a747c,LuminaraBloom,DE-10179,Berlin,DE,Germany
119d1aef1b4144adba89163f6cd9f5d4,DeepSynergies,DE-58091,Hagen,DE,Germany
11bfa66332777660bd0640ee84d47006,KamaciteGlow,DE-28195,Bremen,DE,Germany
11d4c477d09821164bca4f70a2eae031,MinasragriteMoon,DE-28195,Bremen,DE,Germany
11eac105f3f90a9b87b19c89d91e24f3,NimbusBreeze,DE-10115,Berlin,DE,Germany
11fb6f6d341adbe19e81733701704635,HaloHaven,DE-10178,Berlin,DE,Germany
120476eb7a04c149d14772edaf5d9bf2,MorelanditeStream,FR-63200,Clermont-Ferrand,FR,France
1284de4ae8aa26997e748c851557cf0e,BetaLogistics,DE-58091,Hagen,DE,Germany
128639473a139ac0f3e5f5ade55873a5,AventurineEdge,AT-4050,Linz,AT,Austria
128f9bfbe4c7d5185033914b1de3d39a,FuturePioneers,DE-23556,Lübeck,DE,Germany
12a8eb0f8d1cd3270695bf2a99f55966,NimbusBreeze,DE-10119,Berlin,DE,Germany
12b9676b00f60f3b700e83af21824c0e,HyperXSynergies,BE-3600,Genk,BE,Belgium
12c2ed9cded6138cf0c75f525f565fc7,KlockmanniteRiver,DE-33609,Bielefeld,DE,Germany
13074f016982ff2bd6c58ced8682f000,GlobalLogistics,BE-1182,Uccle,BE,Belgium
131fcb0a0c9a47bba4474aacff0f14b7,BorealFlare,DE-10179,Berlin,DE,Germany
1336efc61c316ddf92c899eb817f7cae,JupiterGlobal,DE-67061,"Ludwigshafen am Rhein",DE,Germany
134285d1f41da5c13a756ee8142c8a4e,ZenithGlow,DE-10115,Berlin,DE,Germany
134a288e7de827ec5ec62e3ec9c3a295,TerraMist,DE-10117,Berlin,DE,Germany
134b867a0f7f8bbe6abf10f91874891e,NextGenLabs,DE-51373,Leverkusen,DE,Germany
13511db12ac61e2f89c53b72a944a60b,HauyneCloud,BE-9050,Ghent,BE,Belgium
1352e06ae67b410cdae0b2a22361167b,GlobalConcepts,FR-75002,Paris,FR,France
1354d51653f645349064725ed204e85e,StellarHaven,DE-10117,Berlin,DE,Germany
138dbe45fc62f1e244378131a6801526,FlareStone,DE-10178,Berlin,DE,Germany
139157dd4daa45c25b0807ffff348363,RippleHaven,DE-10178,Berlin,DE,Germany
13c2ed7698b3ca92dad49e849219da59,DemantoidEdge,AT-6050,Innsbruck,AT,Austria
13d058e4eeac2ce8217660b2f8a05812,VisionaryTransform,DE-70178,Stuttgart,DE,Germany
13d95f0f6f73943d4ceffad0fc2cd32c,TurboFutures,IT-00155,Rome,IT,Italy
13dd308f81fea30cc670c656b2b46cc3,ElevateSynergies,DE-6116,"Halle (Saale)",DE,Germany
13e85aac53340018b40c2af68001b7e0,ProConcepts,DE-58089,Hagen,DE,Germany
13f57c12a00ed4610db646b913a7f5c6,LeucospheniteEdge,DE-40212,Düsseldorf,DE,Germany
13fa2a6c6b9d0f43cb588d7c82117a12,JadeMist,DE-10179,Berlin,DE,Germany
141440cad9341e553f8401c574a2aa38,GenesisCommerce,AT-4400,Steyr,AT,Austria
1430239a858e7682bbc43b20758af153,KestrelBloom,DE-10117,Berlin,DE,Germany
1444c08e64d55fb3c25f0f09c07ffcf2,DataNetwork,GB-L3,Liverpool,GB,"United Kingdom"
1464afc72f696af775557a821c2e253f,DonpeacoriteMoon,FR-59300,Lille,FR,France
14a08204d03bb6b6bde8029f801ae0eb,AfwilliteCloud,DE-10178,Berlin,DE,Germany
14d7985702e72162bbf13b6beb74ab2b,CassidyiteLeaf,DE-60318,Frankfurt,DE,Germany
14ee35374a7876217954b5fa08e50463,MadociteStar,DE-47059,Duisburg,DE,Germany
14f2b3587172b9db894c9bad8dab520b,HorizonAI,BE-7714,Mouscron,BE,Belgium
152ee17e4c8aaf53dac99f3462e4999b,InnovaCreators,CH-3101,Köniz,CH,Switzerland
154bdf805377afea75a3bd158e9eab10,ElevateTech,DE-6116,"Halle (Saale)",DE,Germany
1554a68530182680ad5c8b042c3ab563,NextGroup,NL-6713,Ede,NL,Netherlands
157c3e4b42f81ac4a44e8b1ca2fe9876,XenonGlade,DE-10115,Berlin,DE,Germany
1588ac4010787100dddef64568f0ae35,LangbeiniteMoon,AT-4040,Linz,AT,Austria
15aac934c58d886785ac1b17953ea898,ElevateCreators,CZ-76004,Zlín,CZ,Czechia
15ac3c501e2599e4917316fde5c5669a,AetherMist,DE-10115,Berlin,DE,Germany
15aec03fe4cf30dfa574cf550f5ff5ff,StratosCommerce,FR-75001,Paris,FR,France
15b3b1b81484422eb41df68ac87f1f50,RippleHaven,DE-86158,Augsburg,DE,Germany
15cd6eefe58588619aaed41dfa6621b1,VisionSolutions,NL-6712,Ede,NL,Netherlands
15ead3a5037a918ddb520dfe39a3d2b9,GenesisLabsX,NL-2675,Westland,NL,Netherlands
15fa791d5e017f66402dc28c44480657,QuartzGlade,DE-10178,Berlin,DE,Germany
160851d3ece7aa1a510f8d1a4bb8a8af,AccelConcepts,DE-6108,"Halle (Saale)",DE,Germany
16090f2ca825584b5a147ab24aa30c86,HyperTech,DE-23560,Lübeck,DE,Germany
160e4f13fd3a64b1b86807be88b5ffb0,DynamicSolutionsPro,AT-4400,Steyr,AT,Austria
164a5a8794e6d42e14f55e447b12a3bc,IgniteSynergies,AT-6900,Bregenz,AT,Austria
165b1235e9e9942cb5fae67103576fb0,CupriteReef,DE-28199,Bremen,DE,Germany
165fc07beebdcb6190fba8a06db2a449,ManganvesuvianiteEdge,AT-4060,Linz,AT,Austria
1660ad786c27fd935378b6192a90b417,HydromagnesiteTower,DE-50670,Cologne,DE,Germany
166e8f1381e09651983c38b1f6f91c11,HorizonHub,CH-3603,Thun,CH,Switzerland
167fd940acebc789debd6eb418c46e38,EcoAI,DE-39104,Magdeburg,DE,Germany
1690cada046eb7e92c12f98b1f8a8167,NebulaShade,DE-10178,Berlin,DE,Germany
16bdc8cefd0e32a6f0824d296c5ad14a,UltraEnterprises,DE-6108,"Halle (Saale)",DE,Germany
1703bc09972dab9782e7a9194943b69f,InnovaPioneers,NL-7815,Emmen,NL,Netherlands
1710c3aaa9c6b44ec3883ee0fe300e21,VisionaryVentures,DE-68167,Mannheim,DE,Germany
17306570e772e7718c92a562d33f5f1d,ElevateNetwork,DE-23556,Lübeck,DE,Germany
173d56ffbd4c56cb80fc3615487d712b,EcoTech,DE-26123,Oldenburg,DE,Germany
1746c1ae87ac63d530c7c943d0ac42e2,OmniHub,DE-59071,Hamm,DE,Germany
1771297ac436903d1dd6b0e9279aa505,IgniteInnovations,DE-80339,Munich,DE,Germany
1782ce2db72c3dda627d5e7c898104e1,MilleriteValley,DE-53117,Bonn,DE,Germany
17908cf9b444ee34047cadd5c0f4a516,CyberAI,IT-20124,Milan,IT,Italy
17998cf586426bf0f2c3726cb0a4b211,WhisperStone,NL-1012,Amsterdam,NL,Netherlands
179d859f51292aac5c10806a356f7af9,VisionLogistics,DE-42657,Solingen,DE,Germany
17a053fcb14bd219540cbde0df490be0,FusionThinkers,DE-14471,Potsdam,DE,Germany
17adeba047385fb0c67d8e90b4296d21,GlobalTech,DE-80331,Munich,DE,Germany
17ca9b9e9b9ef8fdb529001b49ebb50f,NextGenData,NL-5011,Tilburg,NL,Netherlands
17e34d8224d27a541263c4c64b11a56b,GlobalNetwork,DE-34123,Kassel,DE,Germany
17eea220a40cc0d2c0c5346379682398,SapphireFlare,DE-10178,Berlin,DE,Germany
17f51e7198701186712e53a39c564617,WhisperStone,DE-10115,Berlin,DE,Germany
180c3376aff0e43dd5788709df48a843,OrbitalBreeze,DE-10117,Berlin,DE,Germany
1835b56ce799e6a4dc4eddc053f04066,SecureInnovations,DE-6112,"Halle (Saale)",DE,Germany
1838dd9b8977065acf51d95e0053ea7a,VividGlow,NL-1015,Amsterdam,NL,Netherlands
184725737946a1a938bbbd1a9e978103,MetaDynamics,DE-42109,Wuppertal,DE,Germany
184a67a8f9f63234d3a92340bbdb727f,FrooditeWave,CH-1201,Geneva,CH,Switzerland
186cdd1b2df32caa72cfb410bba768d3,IgniteBuilders,CH-3601,Thun,CH,Switzerland
189ca3538ce9f920cacf0f982cbe223b,MysticWave,DE-10115,Berlin,DE,Germany
18a349e75d307f4b4cc646a691ed4216,KaleidoMist,DE-10115,Berlin,DE,Germany
18e694e0e48ed6f7aa3f24aade5fd697,BrightInnovations,DE-42653,Solingen,DE,Germany
1900267e848ceeba8fa32d80c1a5f5a8,DynamicSynergies,DE-6110,"Halle (Saale)",DE,Germany
191d55f7edb8524d525ed01b20fe32e8,PrimeCorp,PL-00-004,Warsaw,PL,Poland
1927cdb9fa74f5270097f6250e8e8f34,MirageShade,DE-52066,Aachen,DE,Germany
19484c79cef6c062cb177aa4ef2fcc3c,BetaCommerce,DE-51373,Leverkusen,DE,Germany
1961c3e1272bfeceb05d0b78b5bbfdaf,DeepGroup,DE-80339,Munich,DE,Germany
1967a9e2ad6f51802b093147d861df58,CrimsonShade,DE-10119,Berlin,DE,Germany
1976a05ecf2996d6ffb7b5430e635fe7,ProLogistics,DE-67065,"Ludwigshafen am Rhein",DE,Germany
1987cd4be10fe09ee50454f9c354d1c6,FutureCreators,NL-2675,Westland,NL,Netherlands
198c7ea11960a9844b544d9bcdca860c,ElevateInnovations,NL-8915,Leeuwarden,NL,Netherlands
1992f8fb6b19fcccd97ca819811e7267,FrostlinePeak,DE-10115,Berlin,DE,Germany
1996942dc085d7773ba77a529b163cd0,HyperXStratagems,DE-46047,Oberhausen,DE,Germany
19a7c9f66ffa6452ff4b4c0cca71da27,FutureSolutions,AT-4403,Steyr,AT,Austria
19d62d484cba71963c93f0f00ab42013,EliteTechies,CH-3600,Thun,CH,Switzerland
19e0f40a907ec568c34bfac15de4f4a1,CaryopiliteWave,DE-9111,Chemnitz,DE,Germany
1a3df491d1c4f1589fc2b934ada68bf2,OpalWind,CH-1201,Geneva,CH,Switzerland
1a6245add4353f18ed55138808906979,CarnalliteTower,DE-50667,Cologne,DE,Germany
1a8e2d9c38b84a9702ac7922924b0573,FlareVentures,CH-3099,Köniz,CH,Switzerland
1a932caad4f9d804097d7f8e615baed1,MirageShade,DE-10115,Berlin,DE,Germany
1acde099eb406aa220b1169b188b42da,SapphireFlare,DE-10178,Berlin,DE,Germany
1b0b0f4f95e962d6f32fe90c759d0479,XenonGlade,DE-10115,Berlin,DE,Germany
1b1ae47a313a825a7ccceb8e2e30fa9d,FlareTech,AT-6902,Bregenz,AT,Austria
1b45169b635ef59425637e9a33eb5fb3,AlmandineValley,AT-4030,Linz,AT,Austria
1b4b28463457a256e9a784ebe2a8f630,TurboNetwork,DE-90409,Nuremberg,DE,Germany
1b4c3a6f53068f0b6944d2d005c9fc89,SwiftLabsX,CH-3603,Thun,CH,Switzerland
1b61fb1f0f2185d89e9a126c498e9cc7,MetadelrioiteReef,AT-4030,Linz,AT,Austria
1b65c144b17e607c0f37f10bb7dfec8d,AccelGroup,CH-3100,Köniz,CH,Switzerland
1b7e5006cb25dd23ce8686691013b121,EchoPeak,DE-10117,Berlin,DE,Germany
1b8356dabde1d35e17cef975c3f82730,DynamoShade,DE-10178,Berlin,DE,Germany
1b8b75e227c9a9c100d0c210fb6176ce,BlazeGlow,DE-10179,Berlin,DE,Germany
1b938a7ec6ac5061a66a3766e0e75f90,HyperHub,DE-6112,"Halle (Saale)",DE,Germany
1bb2bdb95f4841f1bba2c0d2cd83d3c9,RippleHaven,DE-10178,Berlin,DE,Germany
1bb3812d5f0747a3ab7348f199001a10,InfinityHaven,DE-10117,Berlin,DE,Germany
1bc2e21de46adfea6b98cc96b00f3b40,LintisiteStar,CH-1203,Geneva,CH,Switzerland
1c129092bf23f28a5930387c980c0dfc,JadeHorizon,DE-10115,Berlin,DE,Germany
1c40343cc5d18c2d8248ac2f3366de34,FlareCorp,DE-79100,"Freiburg im Breisgau",DE,Germany
1c56ffe0e9dea2657fc6e95b53f40b13,EcoEnterprises,DE-41065,Mönchengladbach,DE,Germany
1c5e4e49b9079480255b49d50aac1aa9,LiroconiteEdge,DE-40213,Düsseldorf,DE,Germany
1c68394e931a64f90ea236c5ea590300,DataHub,AT-4050,Traun,AT,Austria
1c742ac33582852aaf3bcfbf5893abcf,JovianFlare,NL-1012,Amsterdam,NL,Netherlands
1c83418358f249c9d6affa52d579db0e,VortexBloom,DE-10178,Berlin,DE,Germany
1ca4bdb0cd7fc48e949bac066188ed26,CorePioneers,NL-1815,Alkmaar,NL,Netherlands
1ca7077d890b907f89be8c954a02686a,CoreConsulting,DE-59065,Hamm,DE,Germany
1caf283236cd69af44cbc09a0a1e7d32,DynamicAI,FR-69003,Lyon,FR,France
1cbcd2ee0afb3fc09963b87eb65e7e4f,GreenWorks,AT-1020,Vienna,AT,Austria
1cbd32d00d01bb8087a5eb088612fd9c,UltraConcepts,DE-34123,Kassel,DE,Germany
1cbd50a8c52e6cf8e315c5709fab386f,FutureSolutionsPro,AT-6901,Bregenz,AT,Austria
1cbdc7cf130a41fd13a3c2a7d2fcfda7,OmniInnovations,NL-7813,Emmen,NL,Netherlands
1cd9e0cc1839d55516843def5600816d,EchoPeak,DE-10115,Berlin,DE,Germany
1ce3ae5a399804d1a87e706f8a813c3e,PrimeCreators,CH-3601,Thun,CH,Switzerland
1d0646a72178a6fb37ee8082140e06ec,LamprophylliteValley,CH-1201,Geneva,CH,Switzerland
1d0997ff06b524ce9289ffd75114ecd3,GenesisData,ES-28002,Madrid,ES,Spain
1d139e3a3b14025640d8df1b230aace0,TechBuilders,DE-58097,Hagen,DE,Germany
1d1bbb8ac1581824986f582583fff01d,VisionGlobal,CH-3604,Thun,CH,Switzerland
1d2732ef8321502ee8488e8bed1ab8cd,AccelBuilders,FR-75015,Paris,FR,France
1d29dfba02015238dfbe2449a5eaa361,FlareData,NL-6211,Maastricht,NL,Netherlands
1d4587203296c8f4ad134dc286fa6db0,AnorthitePeak,DE-10179,Berlin,DE,Germany
1d503743d2526f03f0c2c89540ee008c,FlareStone,DE-10119,Berlin,DE,Germany
1d8dbc4f32378d715c717c1c1fc57bae,NeuroSolutionsPro,AT-2702,"Wiener Neustadt",AT,Austria
1d953075c2f0dd990bacf27b83b330f1,IvyFlare,NL-1011,Amsterdam,NL,Netherlands
1da366cade6d8276e7d8beea7af5d4bf,FlareTransform,NL-8911,Leeuwarden,NL,Netherlands
1da3aeb70d7989d1e6d9b0e887f97c23,LuminaraBloom,DE-10115,Berlin,DE,Germany
1dc2de47ee26a0a5b12dc14fd6dc0dea,GreenAI,DE-6110,"Halle (Saale)",DE,Germany
1dcfa3835714681d4ba4a93bc1e0fd41,GreenCommerce,DE-46047,Oberhausen,DE,Germany
1dd33b8119b3cb1056ed5dc88cd0aaf4,OasisPeak,DE-10115,Berlin,DE,Germany
1de62b6f2fd96227629786db492433db,ProCorp,DE-6108,"Halle (Saale)",DE,Germany
1dfe5347016252a7884b694d4f10f5c4,AlphaLogistics,DE-6110,"Halle (Saale)",DE,Germany
1e26c56af8d48424e1df0140a2401f83,PrimeLabsX,DE-39108,Magdeburg,DE,Germany
1e47d8b6546eb3a77b1acddcc9406242,HanksiteTower,DE-20097,Hamburg,DE,Germany
1e47defeeadeca0e9a18fa5a9311e735,CoreGroup,DE-18057,Rostock,DE,Germany
1e483cc5c76fef08d3ca05f9a8af7d01,HeliosphereGlade,DE-10179,Berlin,DE,Germany
1e8b33f18b4f7598d87f5cbee2282cc2,NimbusBreeze,DE-10178,Berlin,DE,Germany
1e8c6a4c538f286aee9573239740a4b4,InnovaWorks,DE-79102,"Freiburg im Breisgau",DE,Germany
1e9d5a33694bddb76316fd1f54734d20,OmniSynergies,DK-7102,Vejle,DK,Denmark
1eade46fba20122dc4aefb379f8c636b,NebulaShade,DE-10117,Berlin,DE,Germany
1f1bb1f0859883505541bdd6606193e5,MysticGlow,DE-10178,Berlin,DE,Germany
1f2eebc0e970fd3c463e4f5d9652687a,IvyFlare,DE-10119,Berlin,DE,Germany
1f50f920176fa81dab994f9023523100,MeliliteEdge,DE-47055,Duisburg,DE,Germany
1f7dfad2cb384ea4d2d7e1ffbd78c407,KaleidoMist,DE-10119,Berlin,DE,Germany
1f7fd2a6fcd5a6fa5d8a4dabc72aaae0,HyperXVentures,BE-3601,Genk,BE,Belgium
1f867308a0ce13133a4e639ff4de0c02,MetaGrowth,AT-1050,Vienna,AT,Austria
1f9ab4708f3056ede07124aad39a2554,QuantumSolutionsPro,DE-6112,"Halle (Saale)",DE,Germany
1fa2d3def6adfa70e58c276bb64fe5bb,ZephyrFlare,DE-10119,Berlin,DE,Germany
1fbe10c70e30765ed1de86d9f7e98409,GenesisBuilders,DE-42103,Wuppertal,DE,Germany
1fdc574883ef3b33ad41562d93f3a74a,IgniteCorp,DE-79101,"Freiburg im Breisgau",DE,Germany
1fddcb7b326905d3ad5efe82187db347,EclipticBreeze,DE-10115,Berlin,DE,Germany
1fe5540d7c1c37a595fefbacd5570d9e,StratosFutures,FR-57070,Metz,FR,France
1fe61aa5494bd3ae92a2c13e067c810f,SwiftVentures,CH-1700,Fribourg,CH,Switzerland
2009a095de2a2a41626f6c6d7722678d,KeroliteRiver,DE-47051,Duisburg,DE,Germany
2039c5e51785b5dde7cf93ccb3b7be2c,TurboLogistics,DE-14471,Potsdam,DE,Germany
204b4e07bddef3c9b317f70189135b22,DynamicCommerce,NL-1815,Alkmaar,NL,Netherlands
2059c39f76271d4ca3f15b5ffaccc8b8,SynergyBuilders,AT-1050,Vienna,AT,Austria
20611af7866c6068fd5ae1f9dbe15c92,GreenCreators,DE-66115,Saarbrücken,DE,Germany
2063dd1b9f568df1c16741ea7d3e6adb,TopaziteCloud,AT-6854,Dornbirn,AT,Austria
2075d8cd4dd63ff12df0749a5866bb06,CoreGrowth,AT-1040,Vienna,AT,Austria
2078fe5066350e7d220c0ad3a3bbc6c1,PrimeVentures,AT-2704,"Wiener Neustadt",AT,Austria
2089a6d640999f9b9141ac719b2af596,GenesisTechies,DE-41069,Mönchengladbach,DE,Germany
20a7efa9721046319bdde5d60b6b5365,HyperXLabsX,DE-58097,Hagen,DE,Germany
20a8b0dc55da94fe74d112082427c84f,FusionGroup,DE-6108,"Halle (Saale)",DE,Germany
20b54c376b794ed028df09a3cd88e8dc,NovaGrowth,DE-68159,Mannheim,DE,Germany
20cb7c2fde3e5bf10f0bbe7394e1c6a9,SynergyIndustries,AT-6900,Bregenz,AT,Austria
20d53aad4fe5ee93a64f8839609d3586,DynamicEnterprises,NL-8013,Zwolle,NL,Netherlands
20d83f3ef0e6925fd74bfd59170babf7,GalacticStone,DE-10115,Berlin,DE,Germany
20f0aeea30bc3b8c4420be8ced4226c0,GreenTransform,DE-6116,"Halle (Saale)",DE,Germany
20fd2d2080ed85fa67fad3fcbb2c1813,EliteVentures,AT-4400,Steyr,AT,Austria
2138ccb85b11a4ec1e37afbd1c8eda1f,JovianFlare,DE-10179,Berlin,DE,Germany
213b25e6f54661939f11710a6fddb871,TurboEnterprises,DE-34119,Kassel,DE,Germany
213fafb0ca06fb3d5886579c2565791b,MooihoekiteTower,NL-7514,Enschede,NL,Netherlands
2156f2671501a81034d7d07f217609d0,ProStratagems,DE-6108,"Halle (Saale)",DE,Germany
217f005bb37ff3aeef5b2ae1788e75ba,CoreVentures,DE-70173,Stuttgart,DE,Germany
218d46b86c1881d022bce9c68a7d4b15,MaxwelliteStream,DE-28197,Bremen,DE,Germany
218f991754f360af9c2daa5e0b8e990c,OrbitalBreeze,DE-10115,Berlin,DE,Germany
2199e7fe213c16213bf5d6a7eadc9a5d,SwiftPioneers,DE-99085,Erfurt,DE,Germany
21c62b998a043ebe31161d38f84929fc,SynergyLogistics,PT-1049,Lisbon,PT,Portugal
21d59342ba150175ca2aa4f8faddeca6,ProGroup,DE-45470,"Mülheim an der Ruhr",DE,Germany
21e83881401b92b49fb09a16d3852291,FutureGroup,NL-3513,Utrecht,NL,Netherlands
2235cf78d3e2073a88146a9cb60f0dd0,HeliosphereGlade,DE-10178,Berlin,DE,Germany
226b05fe067266c59c15dae208213d06,HyperXEdge,AT-1050,Vienna,AT,Austria
228e4c1a0be164f613d41c24345f9d2c,CyberSolutionsPro,AT-6901,Bregenz,AT,Austria
229c3efbfb0ea2058de4ccdfbc3d784a,AuroraBreeze,NL-1013,Amsterdam,NL,Netherlands
22a23e5ac7061fc538cc2a019afaaf16,RippleHaven,NL-1015,Amsterdam,NL,Netherlands
22c32ec35d0116ef02c281798a25bf8b,LaumontiteWave,AT-4040,Linz,AT,Austria
2305ab43e846518f58dd9d59f3f54e96,DynamoShade,DE-10117,Berlin,DE,Germany
232a6014e7b10cba61c6c2b2ea6bb4b0,AccelData,DE-23552,Lübeck,DE,Germany
23613d49c3ac2bd302259e55c06c050c,SecureBuilders,DE-66113,Saarbrücken,DE,Germany
236585a4ddb5fea9fa40233e2249ed91,EmeraldValley,BE-9000,Ghent,BE,Belgium
2379bdc3888025689a9deb7b141507d5,FusionWorks,DE-47798,Krefeld,DE,Germany
238fac594e170b59c6d228f5a4f4f1d9,GreenIndustries,DE-46047,Oberhausen,DE,Germany
23a0ffca143a15b9b5bbdb7d552f626a,HyperXPartners,DE-99086,Erfurt,DE,Germany
23c38debaffe4a25a30fdbd9b586a13f,TurboTechies,DE-6112,"Halle (Saale)",DE,Germany
23ca5f678e0b3ea6c630b30fa8bf51ea,UmbralMist,DE-10117,Berlin,DE,Germany
23d7c96d4a1160db1c726b248601b25a,IgniteHub,DE-6108,"Halle (Saale)",DE,Germany
23ff42c4bf1f8f16cddb19d8b972974a,VisionaryFutures,NL-5915,Venlo,NL,Netherlands
240b9776d844d37535668549a396af32,PrimeNetwork,FR-13004,Marseille,FR,France
244b04680fdbded0acf5aebd9c92b44a,KogarkoiteTower,DE-45133,Essen,DE,Germany
244c2f1bff6afe1f2eaf9bfe9b2aed38,TerraNova,DE-30165,Hanover,DE,Germany
247587846358bb1d2e4c6522020b36fe,MagnesiteValley,DE-47053,Duisburg,DE,Germany
2493dc3f20131696a0ecdb9948051a8d,SmartCorp,PL-00-005,Warsaw,PL,Poland
249f0e9905a6e06ad6c6bea7547ab9f6,HorizonLabsX,FR-75002,Paris,FR,France
24a6daf925d9d591870a66660416de31,IgniteEdge,DE-14469,Potsdam,DE,Germany
24c1de8d9551c0b4fbc53317d53efda8,CyberGrowth,SK-1001,Žilina,SK,Slovakia
2528513dd95219a6013d4d05176e391a,OmniStratagems,DE-70174,Stuttgart,DE,Germany
2528744c5ef5d955adc318720a94d2e7,GlaucophaneSky,DE-45128,Essen,DE,Germany
252e76235acb79183cfca6e34f13337d,HercyniteMoon,DE-20146,Hamburg,DE,Germany
253c025bab43881055aeecde5e2d8b77,NeuroNetwork,AT-1040,Vienna,AT,Austria
253f95b3a0e6983ae18aed49fbc2b845,FrostlinePeak,DE-10117,Berlin,DE,Germany
257e61d3251fb5efb9daadddbc2cf7ca,NovaLabsX,AT-6802,Feldkirch,AT,Austria
258447aad3f7b01e2643c89f64dc5647,VisionaryTechies,AT-8701,Leoben,AT,Austria
259f7b5e6e482c230e5bfaa670b6bb8f,AlphaSolutionsPro,DE-49082,Osnabrück,DE,Germany
25be943a321c8938947bdaabca979a90,MagbasiteEdge,DE-50668,Cologne,DE,Germany
25c5c91f63607446a97b143d2d535d31,TurboPioneers,NL-8012,Zwolle,NL,Netherlands
25cf099de44674fde97473224f9d59ab,EsperiteEdge,DE-45885,Gelsenkirchen,DE,Germany
25debeafbce801fdd479539350185eee,UltraTechies,DE-46051,Oberhausen,DE,Germany
25e47381a6c510ddeb36084e33b89f0c,HagendorfiteEdge,DE-33611,Bielefeld,DE,Germany
25e6ffe976bd75618accfe16cefcbd0d,MirageShade,DE-10119,Berlin,DE,Germany
262237171f48e85819065498cac80d7b,TurboSolutions,CH-3602,Thun,CH,Switzerland
2646baaf662d4d92ac48f047e35db92d,JadeMist,DE-10179,Berlin,DE,Germany
26562f211dd1364af2a8596dc945e8ae,BromargyritePeak,DE-50668,Cologne,DE,Germany
265fdc289dffa9f1ad801c74f7d0de47,NeuroBuilders,DE-39112,Magdeburg,DE,Germany
26785a546900236d66f2e4197c211158,XenonGlade,DE-10119,Berlin,DE,Germany
269c5fc9fcadee614364c3620c30a1f9,SwiftSolutionsPro,DE-80335,Munich,DE,Germany
269cff2d3c8d205c11f37a52402ea93b,FutureEnterprises,DE-18069,Rostock,DE,Germany
26af45f5dfd967225a832838aa4e24a3,OmniData,AT-1020,Vienna,AT,Austria
26b482dccfa29bd2e40703ba45523702,EliteDynamics,DE-46045,Oberhausen,DE,Germany
26bad72add1f86e08a776ce4ffdaf1ca,DeepSolutions,DE-26121,Oldenburg,DE,Germany
26d6bbee02420494d471c9f6436929c0,TechSolutions,AT-1040,Vienna,AT,Austria
26d8a1c7c75d513045798992ead43aa2,GenesisInnovations,AT-6804,Feldkirch,AT,Austria
26e13b6ff5b641b329e5524241ee2c93,OmniLabs,DE-39110,Magdeburg,DE,Germany
26e2c91ef821e1ff8985f408788fe35b,UltraThinkers,DE-6114,"Halle (Saale)",DE,Germany
26e2e5033827d2ba53929f43e03d8ffe,StellarHaven,DE-10117,Berlin,DE,Germany
26f6b7ab07be3e9e69ce82a6552efc19,NovaThinkers,FR-75001,Paris,FR,France
270297ead4c65a6cd2593960d2af6b21,JadeMist,DE-10178,Berlin,DE,Germany
270572bb714b00531be85e16e1550f26,ElevateGrowth,DE-42111,Wuppertal,DE,Germany
2709af9587499e95e803a6498a5a56e9,OrbitalBreeze,DE-10117,Berlin,DE,Germany
270d3ef21830ad0ecf3a6c53d08a533a,MetacinnabarPeak,DE-44787,Bochum,DE,Germany
271b8923c6a549e02d3c9fd1f8c0422b,LennilenapeiteLeaf,DE-33602,Bielefeld,DE,Germany
271c58a1d139c45eaf3316107c6d3a3b,MysticGlow,DE-10119,Berlin,DE,Germany
272f092de69afedd4d2969440b37f18f,QuantumStone,DE-10178,Berlin,DE,Germany
2745f798279e0ed033addcc1474776d7,KestrelBloom,DE-10119,Berlin,DE,Germany
276677b5d08786d5dce7c2149dcce48b,PrismStone,NL-1012,Amsterdam,NL,Netherlands
278b6e0b20c4f61fefaa0577943d7a35,IdocraseMoon,CH-3001,Bern,CH,Switzerland
27a56ff04b34c2ba34ce6ba4d3b9d616,AugiteRiver,DE-20095,Hamburg,DE,Germany
282c7480173bb9c01dd41cc739fec010,BlazeGlow,DE-10115,Berlin,DE,Germany
282f23a9769b2690c5dda22e316f9941,OasisPeak,NL-1011,Amsterdam,NL,Netherlands
28405831a29823802aa22c084cfd0649,LagoonGlow,DE-10179,Berlin,DE,Germany
28872dc528e978a639754bc8c2ce5a4c,SkyPulse,BE-9060,Ghent,BE,Belgium
289cdb325fb7e7f891c38608bf9e0962,CoreSolutions,DE-23556,Lübeck,DE,Germany
28a26ebce31d5918b181ede016fd693b,CelestialGlow,NL-1013,Amsterdam,NL,Netherlands
28c7d8743fbc8679f484868cc0fcaefb,BrightBuilders,DE-58095,Hagen,DE,Germany
28d162ab86bb49d719c32f0ee6186eaa,ArfvedsoniteStream,DE-28203,Bremen,DE,Germany
28ea411b354f14b1a494be4e79f0ce02,RippleHaven,DE-10117,Berlin,DE,Germany
28f10b1c5e5abb9d4857745bede6147c,BlazeGlow,DE-10178,Berlin,DE,Germany
28fb0829fd777877cdc350d25cb5bd5b,StratosWorks,DE-66113,Saarbrücken,DE,Germany
293dee954235e4e4e43f129313625ebe,MetaHub,PL-00-001,Warsaw,PL,Poland
2953ce3a88f5e3c3b696d77fc9e4c8eb,TerraMist,DE-10179,Berlin,DE,Germany
296729ffb9b684050dd24836dac4494a,NovaConsulting,DE-47801,Krefeld,DE,Germany
297d5eccd19fa9a83b2630071ff105e4,DynamicVentures,AT-1010,Vienna,AT,Austria
299c89a525fee36c567f4fe72f038100,FusionData,PT-4470-001,Maia,PT,Portugal
29c322e3f09f886f8bacbe91dfbd979e,MetavandendriesscheiteStar,BE-4000,Liège,BE,Belgium
29e6e05b65f93bc224c644319dc52ecf,DeepDynamics,NL-3015,Rotterdam,NL,Netherlands
29fe9f200d3fa0c668d2aa1ec7e08dfb,ElevateBlueprints,CH-6002,Lucerne,CH,Switzerland
2a1348e9addc1af5aaa619b1a3679d6b,HaloHaven,NL-1014,Amsterdam,NL,Netherlands
2a167ca73899c85001a837d8fb4962f6,GalacticStone,DE-10117,Berlin,DE,Germany
2a261b5b644fa05f4f2700eb93544f2c,JupiterPartners,DE-66117,Saarbrücken,DE,Germany
2a50b7ee5aebecc6fd0ff9784a4747d6,JupiterLogistics,PL-00-005,Warsaw,PL,Poland
2a5b78b41cd05baeac8df54c6606b92c,TurboLabsX,NL-6711,Ede,NL,Netherlands
2a61c271b1ac763450d846849783e922,MiseriteRiver,DE-60318,Frankfurt,DE,Germany
2a6fbeaa7ab9e5d59a35841a8da71ce4,EuchroiteWind,CH-2505,Biel/Bienne,CH,Switzerland
2a73cba571d90c694b7caca072ccf6ce,DeepConsulting,DE-68167,Mannheim,DE,Germany
2a7c6c0b0d5efde2bf75ec1e1cec2d41,LarniteWind,AT-4060,Linz,AT,Austria
2a7dc43cecabf23403078e2188437d1d,Celestial,DE-10117,Berlin,DE,Germany
2a84855fd20af891be03bc5924d2b453,MysticGlow,NL-1011,Amsterdam,NL,Netherlands
2aa3443d7bf9d9bb11133f420d75e083,SmartTech,FR-75001,Paris,FR,France
2aafae69bf4c41fbd94053d9413e87ee,JovianFlare,BE-2030,Antwerp,BE,Belgium
2addf05f476d0637864454e93ba673d5,VisionGrowth,PL-00-004,Warsaw,PL,Poland
2b03ac196f5ed62ac483960fe0fa3b65,KaleidoMist,DE-10179,Berlin,DE,Germany
2b1a40c1daabc6ca280c4b815c101841,BerylRiver,NL-4815,Breda,NL,Netherlands
2b2fed75b8e5ea3a052fc4c0825da485,VisionConcepts,NL-3011,Rotterdam,NL,Netherlands
2b3b9ce054da76a7428df143a567b156,CrimsonShade,DE-10119,Berlin,DE,Germany
2b3e4a2a3ea8e01938cabda2a3e5cc79,UmbraBloom,DE-10115,Berlin,DE,Germany
2b402d5dc42554061f8ea98d1916f148,TechTech,GB-NG1,Nottingham,GB,"United Kingdom"
2b5ed0c9139dae8883a200dfcb272ece,EclipticBreeze,DE-10179,Berlin,DE,Germany
2ba91c7ad80ff88b23b7db823b43c233,HyperXInnovations,DE-6108,"Halle (Saale)",DE,Germany
2bd05d410a8fd26dc4184a15f4f2f588,BorealBloom,NL-1012,Amsterdam,NL,Netherlands
2bdb95a56a36ebbc6640337ac5eac174,NebulaShade,DE-10179,Berlin,DE,Germany
2be17df1c49978426251562096c3cc09,DataCommerce,CH-6504,Bellinzona,CH,Switzerland
2bf28e311bba65237358230cabac3f15,LoranditeStream,AT-8040,Graz,AT,Austria
2bf6a2c1e71bbd29a4ad64e6d3c3629f,LiebenbergiteTower,FR-59000,Lille,FR,France
2c00c85d30361cd2ced2969cffbbffa3,RadiantGlade,NL-1011,Amsterdam,NL,Netherlands
2c2c9832d1bb38c5b0034a3b47d313ee,CobaltiteEdge,BE-4030,Liège,BE,Belgium
2c3d56f92f360fb89d849b84e8f50eae,ImogoliteWind,DE-1067,Dresden,DE,Germany
2c43fb513632d29b3b58df74816f1b06,KestrelBloom,NL-1014,Amsterdam,NL,Netherlands
2c4c47cb51acd5ea5db5e0ae0e26542a,HyperXTech,DE-42657,Solingen,DE,Germany
2c538755f1ca9540af144f266e70df6c,HyperXInnovators,NL-7413,Deventer,NL,Netherlands
2c54051840f19eca309a5423cf22df36,JupiterCommerce,AT-1020,Vienna,AT,Austria
2c9005d8043aff18b8557ffb7b13cda4,BrightLogistics,CZ-77900,Olomouc,CZ,Czechia
2c9e548be18521d1c43cde1c582c6de8,HielscheriteReef,DE-30161,Hanover,DE,Germany
2cb4700db635baa1c0d4f90ed27b6669,StratosBuilders,AT-1030,Vienna,AT,Austria
2cb6eb1b7185064167657fa09f541105,ProWorks,NL-5911,Venlo,NL,Netherlands
2cb98e27ce1c18abdb42209b34c382a7,KolovratiteValley,DE-28203,Bremen,DE,Germany
2d20f1cd18725c91147da0791d498022,MapimitePeak,AT-8010,Graz,AT,Austria
2d22fc3089eb907b29ebff50581fb472,IgniteTech,FR-67000,Strasbourg,FR,France
2d2322d842118867781fc737e96d59a1,GlacierGlade,DE-10119,Berlin,DE,Germany
2d2c62bef4c8ba0dd74e0e228e808539,FayaliteCloud,DE-28195,Bremen,DE,Germany
2d34636518ba88f5349b732fcf8ba2e4,EclipticBreeze,DE-10119,Berlin,DE,Germany
2d378dbb39815785238c0139c7647fb7,SecureBlueprints,CH-1703,Fribourg,CH,Switzerland
2d42ebcda99fd55f6f4bc2f1ca035d50,CoreConcepts,IT-43125,Parma,IT,Italy
2d50d6282f8aa2257819a77bfaa0efe0,DataPioneers,DE-6110,"Halle (Saale)",DE,Germany
2d518637f53161b973e01f56ea4bb88e,DuskBreeze,DE-10115,Berlin,DE,Germany
2d8cfba3fcd3170555941605edaa196a,BlueGroup,DE-70176,Stuttgart,DE,Germany
2d9e8987a2ea5cf88dce330249043ff1,OmniAI,DE-39110,Magdeburg,DE,Germany
2dcf93836ae3ce0d7c93e2f10876467a,GarnetWave,DE-4129,Leipzig,DE,Germany
2dd1fb6f0e42a2243b8a01e40cd41216,UltraTech,AT-1020,Vienna,AT,Austria
2dee2ce60de9709b1a24083217181a1f,FusionGrowth,DK-5210,Odense,DK,Denmark
2e0dba2da448400b1c11d7b4b22f32a4,AdamantineReef,DE-60313,Frankfurt,DE,Germany
2e13c71026e1a39ba5cc1b86dcb679aa,HeliosphereGlade,DE-10117,Berlin,DE,Germany
2e1a7d075abe038c1b2743005fe42ff1,QuantumStone,DE-10179,Berlin,DE,Germany
2e1c9f22be269ef4643f826c9e650a52,ZephyrFlare,DE-10119,Berlin,DE,Germany
2e2f44824ab87a0cb961f68bf4073e7f,HyperGroup,AT-1050,Vienna,AT,Austria
2e3be8a987a30d7544dbbda6861cc14e,StellarHaven,NL-1014,Amsterdam,NL,Netherlands
2e7ea2aafec5835e781b21d6d1faf1f1,GuariniteValley,DE-10119,Berlin,DE,Germany
2e90cb1677d35cfe24eef47d441b7c87,InfinityHaven,DE-10115,Berlin,DE,Germany
2ea0861cc19e94cad86438c984c52da4,GalacticStone,DE-10117,Berlin,DE,Germany
2eb70248d66e0e3ef83659f71b244378,MagnesiostauroliteStream,DE-20144,Hamburg,DE,Germany
2ec6e37d992a95eaddb3369dcbcc76d9,HaloHaven,BE-2040,Antwerp,BE,Belgium
2ee0a0689f2f6a72f35a7cb6033f6e7e,JupiterEnterprises,DE-47798,Krefeld,DE,Germany
2eeb6531ee027a48d401e72bebdd87d3,MeioniteSky,DE-4129,Leipzig,DE,Germany
2ef086a599b597572aca4433b7ed6b3d,DiaboleiteReef,CH-2505,Biel/Bienne,CH,Switzerland
2f09f7d37a97956d11cc1a7cadd5262b,CavansiteMoon,DE-28197,Bremen,DE,Germany
2f1e7b90e01d9f086cbcb301c0c3d406,AuroraPulse,CH-4005,Basel,CH,Switzerland
2f3d8b4c9e2ee165075331fea3f3095a,BariteValley,CH-1004,Lausanne,CH,Switzerland
2f4b0d3b9634b647d4edee577d7ebb7e,VortexBloom,DE-10117,Berlin,DE,Germany
2f4b9d112bfa44a214bc6cef085d17c8,SwiftHub,CZ-76004,Zlín,CZ,Czechia
2f73e04d12cdf0c945ded66bb3fcf6c7,CoreInnovations,CZ-77903,Olomouc,CZ,Czechia
2f74af7a0ee5636f12c2336f9fffed47,RadiantGlade,DE-10178,Berlin,DE,Germany
2f9b7ce230a057a98a9f5df5893ee36c,LabuntsovitePeak,DE-1109,Dresden,DE,Germany
2fa13c8bd5705d279f7ed5cc9ec61c68,IvyFlare,DE-10119,Berlin,DE,Germany
2fb25ab44bdbeae6a4d816e0d0c9d500,DataWorks,FR-34100,Montpellier,FR,France
2fdde51ad3e12f297da656d4fbd5d0b5,HoeliteLeaf,CH-1204,Geneva,CH,Switzerland
2ff6b7bff164ef05590a52734e1296da,BrazilianiteEdge,AT-8020,Graz,AT,Austria
2ff97219cb8622eaf3cd89b7d9c09824,ElevateEnterprises,DE-34117,Kassel,DE,Germany
3076499bbc033a927bf4a8a41bcf7fd4,NeuroDynamics,DE-34119,Kassel,DE,Germany
3078096983cf766a32a06257648502d1,ProFutures,DE-59071,Hamm,DE,Germany
30829ded4523ab9224b93bc49a62c95f,FlareConsulting,BE-9120,Beveren,BE,Belgium
3092c0b297aacfb4bb6e056ebe13b9b8,JupiterGroup,DE-79101,"Freiburg im Breisgau",DE,Germany
30a2f535bb48308f991d0b9ad4a8c4bb,EliteInnovations,DE-6112,"Halle (Saale)",DE,Germany
30a81d8cf85fb2ada1b1b094c9583a95,EchoPeak,DE-10119,Berlin,DE,Germany
30c7f28fd3a5897b2c82d152bb760c17,AlphaThinkers,FR-13002,Marseille,FR,France
312ba1d77e9c332ef21f9598b7f64cd7,GlobalSynergies,DE-80335,Munich,DE,Germany
31344c16881c08a8a72c6d2eb29918c1,OmniVentures,NL-8911,Leeuwarden,NL,Netherlands
31561f325664a8a7aba4c8d0c3a9b3db,MirageShade,DE-10178,Berlin,DE,Germany
318f287a62ab7ac10b703ac37435a231,CelestialGlow,DE-10179,Berlin,DE,Germany
31ae0774c17fabd06ff707cc5bde005f,KukharenkoiteValley,DE-9113,Chemnitz,DE,Germany
31be790e64fc99f8ff48ec2bd18a3104,BloditeLeaf,DE-50667,Cologne,DE,Germany
31da954dc0855f2495c6310f70a2f931,NextLabsX,DE-79098,"Freiburg im Breisgau",DE,Germany
31e60bf8d103ce47932a85f5562deb16,UltraConsulting,IT-00135,Rome,IT,Italy
31eec405c9bb71dec8e2629a92e764fa,GreenData,CZ-77900,Olomouc,CZ,Czechia
323ce52b5b81df2cd804b017b7f09aa7,FlareStone,DE-10178,Berlin,DE,Germany
324583d68897f5ddbaf38f6248322176,LimoniteStream,DE-47057,Duisburg,DE,Germany
325f3178fb58e2a9778334621eecdbf9,FibroferriteMoon,DE-53115,Bonn,DE,Germany
327b89b872c14d1c0be7235ef4871685,GreenInnovations,EE-10115,Tallinn,EE,Estonia
3289d8c3eef4873f91ce0b1343c0dd58,HemimorphiteSky,DE-33604,Bielefeld,DE,Germany
328acb143b4a73aad6bee8e734f5d20d,OmniDynamics,AT-9530,Villach,AT,Austria
3296662b1331dea51e744505065ae889,MetaGlobal,DE-18061,Rostock,DE,Germany
32b8764b4ef628b53608fc34011fcc13,JupiterPioneers,CH-3600,Thun,CH,Switzerland
32e5635e63cb374eb63afdd242fb6134,OmniTransform,FR-75005,Paris,FR,France
32f1bb9dfa65bc7df5c0d9d95a616be4,CrimsonShade,DE-10115,Berlin,DE,Germany
32f83ffe11cd40f7adcf4eef171f52d9,BrightNetwork,BE-9130,Sint-Niklaas,BE,Belgium
32fdd5d44ecb43dfd6a24b9369eca144,NextGenPioneers,NL-3311,Dordrecht,NL,Netherlands
3338e7a0710a195872be80e0d2423867,VisionaryCommerce,DE-90403,Nuremberg,DE,Germany
333c4210e76a1aa2ab817b99437e3ff1,GlobalInnovations,DE-55118,Mainz,DE,Germany
3340ef1913fb70d28420f6ceb685c339,JurbaniteStream,AT-4050,Linz,AT,Austria
334cab711dee080b079fa5779b584783,CryptomelaneWind,DE-60314,Frankfurt,DE,Germany
33576ec5412fb5905d876f12f33bfde6,IgniteLabsX,AT-1050,Vienna,AT,Austria
3361277dc30b7cccdb0c286b24219756,FriedeliteCloud,AT-4020,Linz,AT,Austria
3364a91ec4d56c98e44174de954b94f6,AccelIndustries,HR-10010,Zagreb,HR,Croatia
33a17d60c64393351ebf1ef860f4e0f2,DynamoShade,BE-2020,Antwerp,BE,Belgium
33a6f4b1e7cdc205511e76ba1b6e0186,DynamicThinkers,DE-80339,Munich,DE,Germany
33ab10be054370c254ddfcf0a6253422,QuantumSolutions,FR-75005,Paris,FR,France
33ac3e28642ab8bda860a2f693000e78,ChrysocollaPeak,DE-45879,Gelsenkirchen,DE,Germany
33c51922b6e3c16b24a8f28e5833c99d,LegranditeTower,AT-8020,Graz,AT,Austria
33cbbec1e7e1044aaf11d152172c776f,BrightAI,BE-1183,Uccle,BE,Belgium
33cbda8716511e27e556dff9d8418bf2,MirageShade,CH-4005,Basel,CH,Switzerland
33d677f27a69b84051204ee4ae76eaca,DerbyliteRiver,CH-1203,Geneva,CH,Switzerland
33dd941c27854f7625b968cc6195a552,TurritellaStream,CZ-60100,Brno,CZ,Czechia
33fd411ed63a7c2f9005e3f065d9f85d,FutureInnovators,BE-9121,Beveren,BE,Belgium
34056b8b55c1775a22af2331670a799c,DeepGrowth,DE-6110,"Halle (Saale)",DE,Germany
340636a908b13bbe0f4fb63fbe1d0c03,HeliodorStream,DE-4129,Leipzig,DE,Germany
343e716476e3748b069f980efbaa294e,ChioliteEdge,DE-20099,Hamburg,DE,Germany
3442033154be05bac582e173ef54fd12,JovianFlare,DE-10117,Berlin,DE,Germany
344223b2a90784f64136a8a5da012e7f,SynergyVentures,CH-3600,Thun,CH,Switzerland
3442f8959a84dea7ee197c632cb2df15,KrohnkiteLeaf,DE-20099,Hamburg,DE,Germany
34675b28b826facfde119785bf287dc1,VisionInnovations,AT-2503,"Baden bei Wien",AT,Austria
3481aa57cd91f9f9d3fa1fa12d9a3bf7,BrightCorp,DE-6110,"Halle (Saale)",DE,Germany
3492e68f37fd1df87f4f2f2ea247f445,DynamicTechies,DE-34121,Kassel,DE,Germany
34a557286ead8fe75c989e0afcf7d98c,InnovaSystems,DE-39112,Magdeburg,DE,Germany
34aefe746cd81b7f3b23253ea28bef39,SmartThinkers,AT-1040,Vienna,AT,Austria
34d1ca11b242c0fee2c834ae8d788566,HyperFutures,NL-3311,Dordrecht,NL,Netherlands
34f563c82a85b99ae9e6d60db5fc2e28,SmartInnovations,BE-3604,Genk,BE,Belgium
3504c0cb71d7fa48d967e0e4c94d59d9,TurboAI,DE-42103,Wuppertal,DE,Germany
35281d148dcf7134bae913c57db4e6da,RadiantGlade,DE-10178,Berlin,DE,Germany
353e21e8bf8de2722b4fae1636664b76,BustamiteStream,BE-6010,Charleroi,BE,Belgium
35857757f553273b1056c1cabdace7fb,LabyrinthiteReef,DE-28203,Bremen,DE,Germany
3586b8580d9c917874e053a1bb37b5ff,QuantumWorks,DE-99084,Erfurt,DE,Germany
35b96509602ec4b7da831b5cd73ff2c2,CharlesiteLeaf,BE-3001,Leuven,BE,Belgium
35ef5aa32949680f627efec3c23e705c,DataDynamics,CH-3600,Thun,CH,Switzerland
35fb511489d9ee3ee27a76debce9df06,LevinsoniteRiver,AT-8010,Graz,AT,Austria
3606774ec64634822d78dc2db6d37045,HorizonCreators,DE-68159,Mannheim,DE,Germany
365e445f796710c3431557e85caa25db,CelestialGlow,DE-10117,Berlin,DE,Germany
365e4bce19bda0082c3d15d83fdb8bcd,NextHub,DE-68167,Mannheim,DE,Germany
36890be00bbfc1cdb9a4a38a6af05a69,FlareEdge,DE-70173,Stuttgart,DE,Germany
36a968b544695394e4e9d7572688598f,LacroixiteTower,DE-40211,Düsseldorf,DE,Germany
36f98ad67cc981f50ce8aed093d5783c,MetaSolutions,AT-4640,Wels,AT,Austria
37303482a42fb700d8d127e70a9cd6c8,MerrihueiteSky,DE-20095,Hamburg,DE,Germany
373ee4a3a775a733770ca3f790b8b9ac,SynergyEdge,FR-75005,Paris,FR,France
37515688008a7a40ac93e3b2e4ab203f,BlueEnterprises,DE-66111,Saarbrücken,DE,Germany
376a891762bbdecbc02b4b6adec3fdda,StratosThinkers,IT-00135,Rome,IT,Italy
376d67b61dce0c990155286e7ae486a4,PrismStone,DE-10178,Berlin,DE,Germany
3771c85bac139d2344864ede5d9341e3,KhatyrkiteCloud,DE-44143,Dortmund,DE,Germany
377bc18334c78dd2f1535ef22a3ad225,PyriteTower,AT-9030,"Klagenfurt am Wörthersee",AT,Austria
3785b653b1b82de85ab47dd139938091,DynamicLabsX,AT-6904,Bregenz,AT,Austria
37be5a7c751166fbc5f8ccba4119e043,BastnasiteMoon,DE-10117,Berlin,DE,Germany
37ceb404da208418c9032f0674e57804,KaleidoMist,DE-10117,Berlin,DE,Germany
37dd29b36c458d82f74a953c40c43645,TechLabs,DE-79099,"Freiburg im Breisgau",DE,Germany
38102b031c2a15e54623d711bfc753d3,HyperXCreators,PT-4470-003,Maia,PT,Portugal
381c83fdca332ea6afd896da20bf6e4a,HyperConcepts,AT-1040,Vienna,AT,Austria
3820c6537b3853be1a0687d5a60807ec,LoseyiteSky,DE-45883,Gelsenkirchen,DE,Germany
382229d1e840115ffe3dbf5ff460e417,ProVentures,FR-75005,Paris,FR,France
385799a1cddbd26dfeb9157356a42282,OrbitalBreeze,DE-10178,Berlin,DE,Germany
38874e327ce94d11390b96eb42d61928,PrimeGroup,DE-45473,"Mülheim an der Ruhr",DE,Germany
389e45560e33d2d0747f949dcddbc08e,HalotrichiteReef,DE-4103,Leipzig,DE,Germany
38af8acfd46ac4a7bf754e8ca6736664,UmbraBloom,DE-10119,Berlin,DE,Germany
38e679b9e0064cd94c6f035707344dae,HaliteWind,AT-8050,Graz,AT,Austria
38e6dada03429a47197d5d584d793b41,BlazeGlow,DE-10115,Berlin,DE,Germany
38f276ca6e7cc95a6d1bb55ac9e5550f,LagoonGlow,DE-52068,Aachen,DE,Germany
3903c788ded8dc03b5ebab37a2f3e9a1,LautariteValley,DE-44801,Bochum,DE,Germany
391bbd13b6452244774beff1824006ed,HornblendeMoon,DE-20144,Hamburg,DE,Germany
391fc6631aebcf3004804e51b40bcf1e,BlueGlobal,DE-6116,"Halle (Saale)",DE,Germany
392353362d22cc2c236e1ee81ff19890,ZenithGlow,CH-4005,Basel,CH,Switzerland
392e0502231ae2f8b29994ef6398cd77,NextLabs,DE-45470,"Mülheim an der Ruhr",DE,Germany
392f7f2c797e4dc077e4311bde2ab8ce,AccelPartners,TR-59040,Tekirdag,TR,Turkey
3935fe5fe0f82787a9dcb8deb62be09d,UmbralMist,DE-10117,Berlin,DE,Germany
3968920b9aa752ab98f7d5888c9252f2,CrimsonShade,DE-86158,Augsburg,DE,Germany
3969863bb8af7f72580b3b1ffd3a17b3,GalacticStone,DE-10117,Berlin,DE,Germany
397c4d0c005b6f41f90098ac724e28cb,KosnariteEdge,DE-60316,Frankfurt,DE,Germany
3985a3c45be355a4c57fde108bfabd1c,InnovaSolutions,BE-7713,Mouscron,BE,Belgium
3986c0b54f6b748b75e7bd4e092aa3e5,FutureInnovations,AT-1020,Vienna,AT,Austria
398cb257329ef7af7f1943a8974a3cbc,NextBuilders,GB-NW1,London,GB,"United Kingdom"
39a5005f2605cbdb4f9ac14485cabfd1,BrightInnovators,DE-39112,Magdeburg,DE,Germany
39c763cca83e654764b7a4a650fb9b7c,MetaCommerce,IT-00121,Rome,IT,Italy
39d54ff918774174706fb065d7f9dc07,YonderHaven,DE-10179,Berlin,DE,Germany
39d61be7a92eb77b7da367bd4845bc0e,StellarHaven,DE-10178,Berlin,DE,Germany
39f776d2974049026ff531fc42ef2a3e,DynamicGlobal,IT-00135,Rome,IT,Italy
3a1a1fec38dd360f15fc912e821e169d,LuminaraBloom,DE-10115,Berlin,DE,Germany
3a3c180dd702a725bd0ba4117689239e,SynergySynergies,AT-6904,Bregenz,AT,Austria
3a3e46d10f74d8a6ca76e2b538f106a0,JadeMist,DE-10179,Berlin,DE,Germany
3a4127e1ba7208ea37044c5092aae170,DuskBreeze,DE-10119,Berlin,DE,Germany
3a490ba60afa30ece0e7d50cfe74a4f0,HaloHaven,NL-1014,Amsterdam,NL,Netherlands
3a52d63a8f9daf5a28f3626d7eb9bd28,CoreFutures,DE-59067,Hamm,DE,Germany
3a734b715d333a2588a3d54a0c9b8746,CyberCommerce,DE-70174,Stuttgart,DE,Germany
3a79f35a2344ede41af21267f61d5ec6,CorundumSky,DE-20095,Hamburg,DE,Germany
3aa3c89ae3cd482385568be76120f63c,TechGroup,IT-00144,Rome,IT,Italy
3ab971ce71839580d2ae5b4e40fe8044,EchoPeak,DE-10115,Berlin,DE,Germany
3ac588cd562971392504a9e17130c40b,NovaSynergies,DE-79101,"Freiburg im Breisgau",DE,Germany
3ade81dab5a172b88e1871c28ae05260,ArtiniteMoon,DE-47051,Duisburg,DE,Germany
3afc536624bc2e65bddfb5db33cc01f3,AetherMist,NL-1013,Amsterdam,NL,Netherlands
3b15288545f8928d3e65a8f949a28291,UltraSynergies,DE-6108,"Halle (Saale)",DE,Germany
3b18f9856c6eb2413eafedb58e9eecd9,EpidoteMoon,DE-60316,Frankfurt,DE,Germany
3b872fd4747f01cc56206f2934198618,TurboData,DE-6114,"Halle (Saale)",DE,Germany
3bb32fedaa74e4ad20f4ce067733bd31,SwiftGroup,CH-3604,Thun,CH,Switzerland
3bb548e3cb7f70f28e3f11ee9dce0e59,LomonosoviteCloud,AT-4060,Linz,AT,Austria
3bdff180c7e1f6551a643b99c265a120,LaihuniteWave,DE-10117,Berlin,DE,Germany
3be5841cdcc46de4ed3f9116f104b2c5,EdeniteWind,DE-1097,Dresden,DE,Germany
3be634553519fb6536a03e1358e9fdc7,ZephyrFlare,DE-10115,Berlin,DE,Germany
3bfad056cf05c00dabe2f895925d83b1,AlphaBlueprints,DE-70173,Stuttgart,DE,Germany
3bfba5a77604f6dfae7e6dd7aaf65821,MonaziteSky,AT-8020,Graz,AT,Austria
3c010235b7345c92f125d14ee232a76b,StratosNetwork,AT-9404,Wolfsberg,AT,Austria
3c03b12bab54d8b37d79d914bfdb1aa0,CalumetiteEdge,FR-76800,"Le Havre",FR,France
3c3017960b2dbd72711a61f0400aab8f,GlauberiteStream,CH-2505,Biel/Bienne,CH,Switzerland
3c487ae8f8d7542beff5788e2e0aea83,CoreBuilders,PL-70-001,Szczecin,PL,Poland
3c4e0452bff7a2a788179488d3d77032,UltraGrowth,AT-4402,Steyr,AT,Austria
3c7c4a49ec3c6550809089c6a2ca9370,BorealPulse,DE-10117,Berlin,DE,Germany
3c88ed2e76a2247933a15daa7161eb1c,FutureLogistics,DE-55124,Mainz,DE,Germany
3ca08eeb8d5595949fed424bd3677742,StratosSolutionsPro,AT-1010,Vienna,AT,Austria
3cfa1358a6caa965278721344c8d76f2,StauroliteRiver,DE-50670,Cologne,DE,Germany
3d01d1c414c44b5943a09619ff3853cb,BruciteWave,DE-20144,Hamburg,DE,Germany
3d0cd21d41671c46f82cd11176bf7277,IvanyukiteValley,CH-1201,Geneva,CH,Switzerland
3d2400ac620cffa23ac81bd192f7f555,HexagoniteRiver,DE-50668,Cologne,DE,Germany
3d2531eccfbde1d7c8db7a3a12fb267a,DynamicInnovators,NL-2511,"The Hague (Den Haag)",NL,Netherlands
3d290fe363c60a77498c1126fd3fb8d3,SynergySystems,DE-39112,Magdeburg,DE,Germany
3d39fbf22a665714baf62fae36029e23,MariciteStream,DE-20146,Hamburg,DE,Germany
3d3ccf2b2f8134b10dce9dd446f0e075,SecureEdge,DE-6116,"Halle (Saale)",DE,Germany
3d4824f20035949c710eaf111f869d39,KnorringiteWind,DE-44135,Dortmund,DE,Germany
3d49bfdd1b43a7fe169b3740067acc61,BaddeleyiteLeaf,NL-5615,Eindhoven,NL,Netherlands
3d4b1ae7539303b5704493798893e82c,OrbitalBreeze,DE-10117,Berlin,DE,Germany
3d5d0dc7073a299e31fa718ce1bc00b6,SmartLabsX,FR-75001,Paris,FR,France
3d621842b2ed28e2b474132480edac3c,MendipitePeak,DE-10117,Berlin,DE,Germany
3d62f86afa7c73be2628a3be1423f5a0,EcoData,DE-49078,Osnabrück,DE,Germany
3d68c634a99a1ba46dbca3967a69c623,HyperSolutions,CH-3100,Köniz,CH,Switzerland
3d700782d7818f2c1e0d7a9e9d75fc00,CyberConsulting,DE-51373,Leverkusen,DE,Germany
3d871de0142ce09b7081e2b9d1733cb1,NeuroTech,DE-46047,Oberhausen,DE,Germany
3d8fa2f5b647373c8620330c4e077a9f,Aetherial,DE-10179,Berlin,DE,Germany
3da38366e7bd9baf6369071f782ecdf0,StratosGlobal,PT-1000,Lisbon,PT,Portugal
3db66a856d18a9cba7c9241fc5221c50,GenesisThinkers,NL-5913,Venlo,NL,Netherlands
3dbbce181edfaa4a597ec858c382d2ec,JupiterData,AT-1050,Vienna,AT,Austria
3dc69bf2c42f0568a5c4791ec3fd3745,EnstatiteTower,DE-10178,Berlin,DE,Germany
3ded4e2d5f135cb103e5949d7263d2dd,GismondineLeaf,NL-2031,Haarlem,NL,Netherlands
3df020b72d3d44b3af9d110fa3940b65,SmartEdge,DE-34121,Kassel,DE,Germany
3dfd3dc96f7f8598eca74e9ac8a2fa31,AuroraPulse,DE-10115,Berlin,DE,Germany
3e35a8bb43569389d3cebef0ce820f69,SapphireFlare,DE-10117,Berlin,DE,Germany
3e46a38ee171c503c3b4a3f23fe3bf0c,KeyitePeak,DE-44137,Dortmund,DE,Germany
3e51f9cbe317bc3a88f2c76583811ee4,KaleidoMist,DE-10115,Berlin,DE,Germany
3e8bd881d92466e63ba9e3e809cd3c50,AlphaTransform,FR-75003,Paris,FR,France
3ea00e1dea2b0659dbaf654735929220,CoreHub,AT-1040,Vienna,AT,Austria
3ea08c48e851106d2f584349daba335f,FutureLabs,NL-6713,Ede,NL,Netherlands
3ef37b7ca6dd2b80bd8af81a62504996,InfinityHaven,DE-10117,Berlin,DE,Germany
3f0e48d209018b466fcd3bb4ccfeb520,VisionaryData,AT-1030,Vienna,AT,Austria
3f2af2670e104d1bcb54022274daeac5,EliteConcepts,AT-6803,Feldkirch,AT,Austria
3f3486b61f45078d4f31ee5e43d8c5bb,FlareStone,DE-10178,Berlin,DE,Germany
3f8034bfc6b8b4135534975d49f04c63,PrimeCommerce,AT-1010,Vienna,AT,Austria
3f8247d0f772ffa58560e5c682521ad5,GraftoniteWind,CH-1203,Geneva,CH,Switzerland
3f84fefc07dc159b268d4a77d3e8c425,NextTransform,AT-6902,Bregenz,AT,Austria
3f995f07c49d0d55a99d5c54957f7d81,AccelSolutionsPro,DE-6114,"Halle (Saale)",DE,Germany
3f9be91358837bff69df67edfa3e42e8,DioptaseLeaf,AT-8050,Graz,AT,Austria
3f9c56764fabca627406093dcb3ef0b4,CoreCorp,FR-75001,Paris,FR,France
3fac58ce0ad699020c7944d53c41329c,TitaniumFlare,DE-10117,Berlin,DE,Germany
3fadb4cba4c35bce6a7eaf9872d5623a,MercalliteCloud,BE-9040,Ghent,BE,Belgium
3faf68a3b0af94b10bac70d86077be49,SmartSolutionsPro,DE-67067,"Ludwigshafen am Rhein",DE,Germany
3fd1e727ba94cfe122d165e176ce7967,NeuroSynergies,DE-99088,Erfurt,DE,Germany
3fe7120d6257285ac6a3ce7cb071ccec,MetaLabs,NL-6513,Nijmegen,NL,Netherlands
3febca52652e7209509ccfe61cbde40e,TurboCommerce,DE-45470,"Mülheim an der Ruhr",DE,Germany
3fefda3299e6dfaea3466ef346a3571a,QuantumConsulting,AT-1030,Vienna,AT,Austria
4003520d80d0bad1d5623f7aa3c63cda,FusionConcepts,FR-75015,Paris,FR,France
400f221ab83037c0ea78f1267da9624d,SmartIndustries,DE-47799,Krefeld,DE,Germany
402916f742e5c740cc751493d9cf5053,BlueInnovations,NL-7815,Emmen,NL,Netherlands
403aa86912527d730337ffcb0fb096ab,KaleidoMist,NL-1011,Amsterdam,NL,Netherlands
4049512728d969bec69f84088b012416,UmbraShade,NL-1013,Amsterdam,NL,Netherlands
404e1ba01358af4cd63f679b2c4d1fa1,AccelLabs,NL-3011,Rotterdam,NL,Netherlands
40536e7ca18e1bce252828e5876466cc,QuantumInnovators,DE-66115,Saarbrücken,DE,Germany
406740ee611378a662d274c7d8c43c4a,SwiftEdge,CZ-10400,Prague,CZ,Czechia
406822777a0b9eb5c50e442dd4cd3ec5,SmartInnovators,DE-79098,"Freiburg im Breisgau",DE,Germany
4091f77d8c768fc3e81c20761471761d,OrbitalBreeze,DE-10115,Berlin,DE,Germany
40d54b51e962dbe09cabbcfd33298dee,ZirconWind,DE-60311,Frankfurt,DE,Germany
40db9e9aa57f7bb151bcda6b0f9bdbb7,FlareInnovators,ES-28005,Madrid,ES,Spain
40ec8ab6cdafbcc4f544da38c67da39a,GlobalLabsX,AT-3403,Klosterneuburg,AT,Austria
411f3b52d857390502ee4e4d5ceabc2d,TurboDynamics,DE-42657,Solingen,DE,Germany
4125d9385a25e82d2f72d3a0fd55bc3f,GeikielitePeak,DE-40211,Düsseldorf,DE,Germany
412a4720f3e9431b4afa1476a1acddbe,AvonturineReef,DE-20097,Hamburg,DE,Germany
4170f6a9367e6b5d6401d03ce6d54569,AccelEdge,PL-70-004,Szczecin,PL,Poland
417a1e6c7321084d2a0ae0d023cfad93,QuantumConcepts,BE-7700,Mouscron,BE,Belgium
41958cbd3335433c8740300e8cd600d5,TerraMist,DE-10178,Berlin,DE,Germany
41ab63a91b8b264e8c8780368bf1dd5b,KaleidoMist,NL-1014,Amsterdam,NL,Netherlands
41b14765bd56c8ad10971074380f9c0c,MuiriteReef,DE-60314,Frankfurt,DE,Germany
41b39e28db005d9731d9d485a83b4c38,MalayaiteWind,DE-60314,Frankfurt,DE,Germany
41b86b552e54e3a7009596125aa8b167,DynamoShade,DE-10178,Berlin,DE,Germany
41c2bad7229b0c25e6becf179ebf63ff,LusungiteTower,TR-34360,Istanbul,TR,Turkey
41c9d3997dd3c072c31139dc5bb5761f,VisionaryDynamics,NL-8011,Zwolle,NL,Netherlands
41da412d33e8da4f22baf55cb1bde82c,CoreStratagems,CZ-76005,Zlín,CZ,Czechia
41e0fa5761c886a630994a55c12087e7,CerussiteRiver,DE-24111,Kiel,DE,Germany
4200ddf1967c5e41e48db62bc6d4b5ac,IraniteCloud,DE-50674,Cologne,DE,Germany
4221a7df464f1fe2955934e30ff3a5a1,NovaDynamics,GB-NG3,Nottingham,GB,"United Kingdom"
422be4cc81a457fdb46f47edeb968ae5,AccelSynergies,DE-6112,"Halle (Saale)",DE,Germany
427165bf50f8ca07efc7bdc2bfcf1688,ManganotychiteStar,DE-9115,Chemnitz,DE,Germany
42b6488f5b8246d9141712abd4b1b693,AnglesiteRiver,AT-4030,Linz,AT,Austria
42b729f859728f5079499127a9c2ef37,LagoonHaven,DE-10178,Berlin,DE,Germany
42bde9fef835393bb8a8849cb6b7f245,SwiftPartners,PL-00-002,Warsaw,PL,Poland
42d4b7e70819438f5ada61c965e92d7e,BlueAI,IT-00155,Rome,IT,Italy
42ef3192a9ff87a22d1867b74b3ee205,MelanophlogiteMoon,DE-60314,Frankfurt,DE,Germany
42fa4ee7240e9b8eb4576358ec142ba7,ChloritoidPeak,BE-9060,Ghent,BE,Belgium
42fb44130ac3134cde8e35cf8ec7df25,BetaLabsX,DE-51377,Leverkusen,DE,Germany
430315b7bb4b6e4b3c978f9dfa9b0558,KobeitePeak,DE-10115,Berlin,DE,Germany
4305fe92735c8a43d154ff6dd2b8d927,BetaConcepts,NL-8913,Leeuwarden,NL,Netherlands
431050a06a317f2b38168dec3dcd2b46,MysticGlow,DE-10115,Berlin,DE,Germany
431af27f296bc6519d890aa5a05fdb11,MoyditeRiver,DE-28203,Bremen,DE,Germany
4324dd16853115efb0fd9d0d131ba6f4,CoreData,DE-99087,Erfurt,DE,Germany
432c37c9dfba871172ec162e20118b8c,VisionaryLabsX,PL-00-003,Warsaw,PL,Poland
432c67955c0acd1fd6b0b5d678766a71,TerraMist,DE-10179,Berlin,DE,Germany
43402bdf22aa2310e8f99e2f94f78628,NextGenEdge,DE-42655,Solingen,DE,Germany
4342d4b2ba6b161468c63a7e7cfce593,UltraInnovators,FR-75005,Paris,FR,France
436bf27f2f18474fc6047702e9f8a866,MetavivianiteRiver,DE-20095,Hamburg,DE,Germany
4371b634e0efc0e22b09b52907d9d469,NimbusBreeze,DE-10119,Berlin,DE,Germany
43753b27d77860f1654aa72e251a7878,BlueSystems,GB-NG5,Nottingham,GB,"United Kingdom"
4391ea5c5990502176a1dcda44a2373d,JovianFlare,BE-2020,Antwerp,BE,Belgium
439a47cc365d6e3bd526812ea9de3c29,DiopsideReef,DE-30159,Hanover,DE,Germany
43a1d4bab73b816e44ef4e4facd9f9b5,KazakoviteCloud,AT-4040,Linz,AT,Austria
43a5d4a57af536fddc96d08be3afdfcb,SpinelEdge,NL-2315,Leiden,NL,Netherlands
43b2c864251aa0ce4030c746984e088a,SecureConcepts,PL-00-002,Warsaw,PL,Poland
43f8c9950d11ecd03a0304a49e010da6,GarnieriteMoon,DE-44789,Bochum,DE,Germany
44073f8b7e41514de3b7815dd0237f4f,QuantumHub,PL-00-001,Warsaw,PL,Poland
440dd6ab244315c632130ecfb63827b1,BetaDynamics,DE-39108,Magdeburg,DE,Germany
443d880f15cbd3572885e1d44bf2c478,CrimsonPulse,DE-52066,Aachen,DE,Germany
4450bd8327d471c4a11a83d1445b1b62,KaoliniteWind,DE-45885,Gelsenkirchen,DE,Germany
446cc09cdbb130904da114e807dbec40,NimbusBreeze,DE-10178,Berlin,DE,Germany
44717f64ec2a457979cf83c429077666,FusionIndustries,BE-3600,Genk,BE,Belgium
447d377bdb757058acb569025ee18a93,FlareInnovations,BE-7700,Mouscron,BE,Belgium
44ed138eca6214d572ce1d813fb0049b,MattagamiteTower,BE-6040,Charleroi,BE,Belgium
44f091b5abab8018f682fce8124b85e5,ZephyrFlare,DE-10179,Berlin,DE,Germany
45213867cefbf2cd4c6177e10216a951,IgniteLabs,DE-79100,"Freiburg im Breisgau",DE,Germany
4559697a8f7e637227c2eeaed843baff,InnovaPartners,DE-47800,Krefeld,DE,Germany
455befea1bb853c75ccbca94cff26e5c,HorizonBuilders,FR-83300,Toulon,FR,France
455c5640e8c5bd1b2ee85c0158f85727,NeuroHub,CH-8201,Schaffhausen,CH,Switzerland
455f46ef09a9e45667e2981df84b5cc2,CalaveriteMoon,DE-44139,Dortmund,DE,Germany
457fe919b032a3f7dadba6fb92cf7855,NovaSolutions,DE-6108,"Halle (Saale)",DE,Germany
458c6fa920810ce2492da71bc26d9eec,AccelCreators,DE-18055,Rostock,DE,Germany
458d868c9642f55f18f04e951a3fdde6,DuskHaven,BE-2030,Antwerp,BE,Belgium
45a3d05fb00435e52a28859dd03703b3,QuantumThinkers,DE-80339,Munich,DE,Germany
45ba18c210d42734ec52c0c1c574e9ee,ProEnterprises,DE-26127,Oldenburg,DE,Germany
45c20d94d9171b0bcfab3c955e47d67b,ProBuilders,DE-34121,Kassel,DE,Germany
45d33f715e24d15a6ccf5c17b3a23e3c,KalsiliteStar,DE-44135,Dortmund,DE,Germany
461ff5303b6c9c1a4a07f40c5aece516,ElevatePioneers,AT-3100,"Sankt Pölten",AT,Austria
466222e777149751370e7e98fb623b0c,NextGenSolutionsPro,FR-75002,Paris,FR,France
4677a5437afda5fa7140b927b07be1cc,EcoPioneers,AT-3404,Klosterneuburg,AT,Austria
46dc3b2cc0980fb8ec44634e21d2718e,BlueDynamics,FR-75001,Paris,FR,France
46ef1a25845fc051c2998d878354810c,TechFutures,NL-3312,Dordrecht,NL,Netherlands
4736e9d642ef4257cd7622516931eb51,NextTechies,DE-90403,Nuremberg,DE,Germany
47648caee88ccfe951fbb27fbf7b4cbe,DynamicConsulting,DE-48151,Münster,DE,Germany
478bfe564db21eeb44386606aa30b650,NovaCreators,NL-3313,Dordrecht,NL,Netherlands
47efca563408aae19bb7206c2d969ea9,BlueGrowth,SI-1101,Ljubljana,SI,Slovenia
47f55702f598c7c6cc8458b0fbc1c49a,FutureCommerce,NL-8915,Leeuwarden,NL,Netherlands
48162d548f5b1b11b9d29d1e01f75a61,UltraBuilders,DE-90402,Nuremberg,DE,Germany
4830e40640734fc1c52cd21127c341d4,OrbitalBreeze,DE-10117,Berlin,DE,Germany
48328ec9a579151d9cc6a86d4a59336c,MelliteWind,BE-6030,Charleroi,BE,Belgium
483ca627d131e18f988349b1655c0acd,JupiterTech,DE-47798,Krefeld,DE,Germany
48436dade18ac8b2bce089ec2a041202,FutureAI,DE-42655,Solingen,DE,Germany
485452467ff670447e84a8370c3fc898,UltraLabsX,CH-3100,Köniz,CH,Switzerland
4867209cb29b56b92893d7bde3ce8012,InnovaBlueprints,DE-39104,Magdeburg,DE,Germany
4869f7a5dfa277a7dca6462dcf3b52b2,GlobalDynamics,DE-66113,Saarbrücken,DE,Germany
48985c61529077fa4f1e38bcff0f2ed3,DuskBreeze,BE-2040,Antwerp,BE,Belgium
48b6c3f4c6a93171da04b75313f2130f,NeuroGroup,DE-47801,Krefeld,DE,Germany
48bad451945f5227341793478d6353ea,WhisperStone,DE-10117,Berlin,DE,Germany
48e5ee06fb2dc74df1c711a9b6dfac2a,EliteCreators,NL-8011,Zwolle,NL,Netherlands
48e954b2da4f6a750c844173b347ed40,CrimsonShade,BE-2040,Antwerp,BE,Belgium
48efc9d94a9834137efd9ea76b065a38,PrimeConcepts,AT-1040,Vienna,AT,Austria
48fb026ed7455a42f5d3e9390ed5088e,TechSystems,FR-42400,Saint-Étienne,FR,France
49067458c68f7701fd334ce326accbe0,SecureCorp,NL-3014,Rotterdam,NL,Netherlands
4917cee8d902e13428c3ec4b1ca6f315,VortexBloom,CH-4002,Basel,CH,Switzerland
491a5ada3aa1678414e990262c4bbdc1,Frostline,DE-10179,Berlin,DE,Germany
49383af7ab774e4e8f3000f49c83dc4b,FlareGrowth,DE-65187,Wiesbaden,DE,Germany
4965a7002cca77301c82d3f91b82e1a9,KainiteValley,DE-44141,Dortmund,DE,Germany
497709c2976a8fa308730a2dec5b0726,AlphaConsulting,DE-48145,Münster,DE,Germany
4978a02ea9c8be7a9b5480680f40334e,VortexPeak,DE-10119,Berlin,DE,Germany
499185655c29ecfdbfe776ef7cf875b5,MirageShade,BE-2040,Antwerp,BE,Belgium
4992e76a42cb3aad7a7047e0d3d7e729,CrimsonShade,DE-10179,Berlin,DE,Germany
499ec63c58e51296c9cf57edcfe1c8a8,PolarisPeak,DE-10117,Berlin,DE,Germany
49cdc90518a4f82676b38b3c1aa43ff6,BlazeGlow,DE-10115,Berlin,DE,Germany
49e7217cfe4e427191c378ec626d8737,GlobalCommerce,NL-6714,Ede,NL,Netherlands
49f8d2ea7b718d0ce587d34207caf2b4,ChondroditeReef,DE-50674,Cologne,DE,Germany
4a1917ef994878940e1fb03eeb787ad7,SwiftWorks,PL-00-005,Warsaw,PL,Poland
4a1f694197d05fe70026b016a7316b41,MetaInnovators,DE-58093,Hagen,DE,Germany
4a23adac87cf538689fa600d976f78b2,VividGlow,DE-10117,Berlin,DE,Germany
4a3ca9315b744ce9f8e9374361493884,AlphaLabs,DE-6110,"Halle (Saale)",DE,Germany
4a3ccda38b2129705f3fb522db62ca31,EchoGlade,DE-52070,Aachen,DE,Germany
4a5b36211b1f51bf7eaa5c10a57fa483,PrimeFutures,FR-31300,Toulouse,FR,France
4a82168aaef173cbb6e46ae88728f919,JupiterFutures,AT-4061,Leonding,AT,Austria
4a82c4af97ffc0fb2dc26bfdc03b1842,IgniteTransform,NL-8012,Zwolle,NL,Netherlands
4aba391bc3b88717ce08eb11e44937b2,DeepGlobal,GB-NG4,Nottingham,GB,"United Kingdom"
4aba6a02a788d3ec81c03137144d9a80,GlobalStratagems,CH-3602,Thun,CH,Switzerland
4b0fdb526525f9890eb145bf1534640e,ProDynamics,DE-6116,"Halle (Saale)",DE,Germany
4b1eaadf791bdbbad8c4a35b65236d52,JamesiteStar,DE-28195,Bremen,DE,Germany
4b39558c138930b9e5489c93b6df5fe3,BetaData,LT-1100,Vilnius,LT,Lithuania
4b5f66b7adcf57f1ecc0d3c07dd6b177,DataSynergies,AT-4051,Traun,AT,Austria
4b90495391ac0bd181a80a459df1e718,GruneriteStream,BE-1050,Ixelles,BE,Belgium
4b9750c8ad28220fe6702d4ecb7c898f,TechCreators,DE-79099,"Freiburg im Breisgau",DE,Germany
4b98b0428fc1932cc2514ef9ce2505e6,JohnbaumiteTower,DE-53111,Bonn,DE,Germany
4ba52dfeba874da5b9ee7b17c7494f04,KatophoriteTower,DE-30159,Hanover,DE,Germany
4bc3d93e4a5f88a598d3d8ce4ae510b3,LagoonGlow,DE-10179,Berlin,DE,Germany
4bcec44888b30ba9001234c534716d3f,FrancevilliteWind,DE-60316,Frankfurt,DE,Germany
4bde6149c15cf7e177b36fa060dd6de8,VisionaryWorks,BE-7714,Mouscron,BE,Belgium
4be2e7f96b4fd749d52dff41f80e39dd,IcelanditeValley,FI-150,Helsinki,FI,Finland
4be6b962d83299498bae2190f95d6566,SecureSynergies,DE-41069,Mönchengladbach,DE,Germany
4be9ae93c4fc0f41713d71a4194ee1b3,BeryllonitePeak,NL-4815,Breda,NL,Netherlands
4bf2f4ee540798a61f9636d12cd9cc80,VisionarySystems,DE-67065,"Ludwigshafen am Rhein",DE,Germany
4bf658053d453036c70976bccb2c31b2,MobergiteTower,DE-47053,Duisburg,DE,Germany
4bfc7a4a1cf8d4d2121c27422d9e50b5,EclipticBreeze,DE-10179,Berlin,DE,Germany
4c03b9dd4c11ee2cb35c96c49efc9420,VisionaryBuilders,DE-46047,Oberhausen,DE,Germany
4c18691b6037662be2df78a765d98ab5,RadiantGlade,DE-10119,Berlin,DE,Germany
4c1c7281388a33dd06daac44f9fadbd1,ZenithGlow,DE-52062,Aachen,DE,Germany
4c2b230173bb36f9b240f2b8ac11786e,GalacticStone,DE-10117,Berlin,DE,Germany
4c498c7345e89aebad651544829beca0,MarialiteLeaf,DE-44803,Bochum,DE,Germany
4c4d546adf3c3868fe19c9ec6e9ffda9,LuetheiteRiver,AT-4060,Linz,AT,Austria
4c60877808f4318ef1107fbeb8f89afa,NeuroGrowth,DE-23554,Lübeck,DE,Germany
4c61e37f664c3c88aff092aa5ac779d7,QuantumTechies,FR-13004,Marseille,FR,France
4c8545742faaf58fafd5fd14d25d75cf,SwiftCreators,DE-39110,Magdeburg,DE,Germany
4c8b8048e33af2bf94f2eb547746a916,InnovaBuilders,DE-6112,"Halle (Saale)",DE,Germany
4cc43a222a0f94910728b62b97a8c5f8,JagoiteMoon,DE-28201,Bremen,DE,Germany
4cc4fd4fdd406a85bbdc1f824b731bd7,HorizonData,AT-4620,Wels,AT,Austria
4ce6e5f6c52515177e18c1c9361d8677,LindgreniteSky,DE-50668,Cologne,DE,Germany
4ce8b55b4bfa4659184e7becc1fba3f2,BrightThinkers,AT-6903,Bregenz,AT,Austria
4cf490a58259286ada5ba8525ba9e84a,HyperLogistics,DE-47802,Krefeld,DE,Germany
4d0041cdbe51b4617d95c70b19decc74,NextDynamics,NL-3014,Rotterdam,NL,Netherlands
4d232b78ab7ef10393dc3807d827bc0d,BorealBloom,NL-1014,Amsterdam,NL,Netherlands
4d600e08ecbe08258c79e536c5a42fee,FusionFutures,AT-6804,Feldkirch,AT,Austria
4d6d651bd7684af3fffabd5f08d12e5a,EcoGroup,DE-39106,Magdeburg,DE,Germany
4d6fb82c629c7a5028bfd973c07b05e0,LagoonGlow,NL-1011,Amsterdam,NL,Netherlands
4d8809767a5bafe22909c77951fb6b41,DeepTechies,DE-55120,Mainz,DE,Germany
4d9fea3499bdc22aa4da4e339365f215,XenonMist,DE-10119,Berlin,DE,Germany
4da0e408c99d2fdc2126dc9fce518060,NextInnovators,AT-6803,Feldkirch,AT,Austria
4dab98ca6cd6d3df586203cefd28a042,QuartzGlade,BE-2018,Antwerp,BE,Belgium
4dbd95a08b31ede5c82d3f861cb1ce1a,FutureSynergies,AT-1010,Vienna,AT,Austria
4dc2e811a1760953cb7c6a590b498943,HyperXBuilders,DE-42659,Solingen,DE,Germany
4dc646b9b9e8e411ef48ba000ea3ac6f,SecureLabsX,DE-51377,Leverkusen,DE,Germany
4ddeb3e828550cddc8d45c8bc36ab2d1,EclipticBreeze,DE-10119,Berlin,DE,Germany
4de6e4ba574aa9dfdc824bc44dc47fdd,NovaInnovators,AT-4404,Steyr,AT,Austria
4deebb3199eeafb282ae33229144f94b,GeigeriteWind,DE-10178,Berlin,DE,Germany
4e06067cc08b3f41d837768d392c3ee3,NextStratagems,NL-5012,Tilburg,NL,Netherlands
4e0d109ccfba9a1151c103049880c857,MilariteStream,FR-76900,"Le Havre",FR,France
4e17c65a516f69d023a2ae78b84f28d6,ChiastoliteStar,DE-38106,Braunschweig,DE,Germany
4e2627090e6e5b9fabba883a37897683,VividGlow,NL-1011,Amsterdam,NL,Netherlands
4e326052e5dbba8adcd512f3450a307e,RadiantGlade,DE-10179,Berlin,DE,Germany
4e42581f08e8cfc7c090f930bac4552a,InnovaGroup,DE-42655,Solingen,DE,Germany
4e480be820e37de1444325ff358c9296,ElitePartners,NL-5915,Venlo,NL,Netherlands
4e5725ba188db8252977a4f0227bd462,PeridotValley,DE-28203,Bremen,DE,Germany
4e6015589b781adaa5ce7f1892d06bb1,HaiweeiteRiver,DE-24105,Kiel,DE,Germany
4e7c18b98d84e05cbae3ff0ff03846c2,GlobalGroup,DE-23552,Lübeck,DE,Germany
4e85b538b0dad58852641540686d0e14,MalladritePeak,DE-4103,Leipzig,DE,Germany
4e8dacf3d38f281ae26c3e0321d92d88,NimbusBreeze,DE-10117,Berlin,DE,Germany
4e922959ae960d389249c378d1c939f5,HorizonGlobal,DE-49082,Osnabrück,DE,Germany
4e92348462c75b6c842b994ce84a0ed4,TurboTransform,BE-7010,Mons,BE,Belgium
4ea2f12dbe91deeacd2c1e74f069a6e6,EclipticBreeze,DE-10115,Berlin,DE,Germany
4eb61f060e7dcc1d5a80d806c35cc541,QuantumMist,DE-10179,Berlin,DE,Germany
4ebdc7e6cd6102a022dadc49156d4ea8,JadeMist,DE-10115,Berlin,DE,Germany
4eeb99008a0f59d2c7759c59f9a346eb,NextEnterprises,DE-55124,Mainz,DE,Germany
4ef4c39cf3c24f326434cf0b2e48046a,FrostlinePeak,DE-10115,Berlin,DE,Germany
4f0d637c1197fd65405ebd755ac9f86b,MazziteValley,DE-53119,Bonn,DE,Germany
4f1f1c8666cdb6442f775c4e8caed465,TitaniumShade,NL-1015,Amsterdam,NL,Netherlands
4f40d2ed38d1cc945364a7cd202a82c7,PolarisPeak,DE-10117,Berlin,DE,Germany
4fae87d32467e18eb46e4a76a0a0b9ce,NeuroWorks,BE-3601,Genk,BE,Belgium
4fb41dff7c50136976d1a5cf004a42e2,LeucophaniteStar,GB-B5,Birmingham,GB,"United Kingdom"
4fe2f67634d00c021aa01f96b6f2d68e,MoolooiteCloud,AT-4040,Linz,AT,Austria
5011f0d93373a4c5753adf58ca77af8d,KentroliteStar,DE-40210,Düsseldorf,DE,Germany
503c1de08ae81a2d86f17951b204db55,AuroraPulse,DE-10179,Berlin,DE,Germany
5058e8c1e82653974541e83690655b4a,NextGenGroup,DE-45473,"Mülheim an der Ruhr",DE,Germany
5075aaa8404020ae6aa8bf4792099b41,TitaniumFlare,NL-6811,Arnhem,NL,Netherlands
50770d25768b0486d89be26afca3108f,HidalgoitePeak,DE-60313,Frankfurt,DE,Germany
508808d438fe2ff972ed13bb8f4a82e2,SapphireFlare,DE-10115,Berlin,DE,Germany
50a7e551a7b3f8d37cd6e32d8bfbe5ea,SmartPartners,DE-68165,Mannheim,DE,Germany
50bf89f1349bc0409a268c3a49678009,NextGenAI,DE-39110,Magdeburg,DE,Germany
50c361bcf670d16f6df4d52de3dff924,BorealBloom,DE-10119,Berlin,DE,Germany
50c9975695009e5e6473912e83a6d1da,QuantumGroup,NL-3314,Dordrecht,NL,Netherlands
51209b446b2073894bdc0face6c73ffc,AquaVista,CZ-60400,Brno,CZ,Czechia
512d298ac2a96d1931b6bd30aa21f61d,GreenSolutionsPro,FR-75015,Paris,FR,France
513a54369b6a8a6602fcb0e129c6d78d,MagnesiochromitePeak,DE-50672,Cologne,DE,Germany
5145090ab595c0d0b8557199f5701fbf,TechPioneers,AT-1040,Vienna,AT,Austria
5151aea44289d6c6b090ee31c2132508,QuartzGlade,DE-52064,Aachen,DE,Germany
515d781150feed28a6ac091bb0e3cb8c,EcoCorp,NO-0152,Oslo,NO,Norway
5160d23075764e18e07c1f4a87fad743,InesiteReef,DE-50672,Cologne,DE,Germany
516e7738bd8f735ac19a010ee5450d8d,DataBlueprints,FR-75015,Paris,FR,France
51702dc2a3e106c76dbff722b5bf0726,OmniIndustries,DE-23554,Lübeck,DE,Germany
5194c22ed1f616ec0c0f33c571542879,SynergyGroup,NL-8014,Zwolle,NL,Netherlands
519a7aa428f18d125a283cf8c014fdd6,UltraLogistics,CH-8203,Schaffhausen,CH,Switzerland
51a04a8a6bdcb23deccc82b0b80742cf,SwiftLabs,DE-6108,"Halle (Saale)",DE,Germany
51e0557bc7b86de13e946c60ee91ce39,ZephyrFlare,NL-1012,Amsterdam,NL,Netherlands
51e4e89242cbb846c2deff3dc015650e,SynergyPioneers,BE-1032,Schaerbeek,BE,Belgium
51ed72984a04e5dd35c2b27e77179038,KladnoiteGlow,DE-47057,Duisburg,DE,Germany
51f108f62cb87d61918159902c8f8583,AccelStratagems,AT-5020,Salzburg,AT,Austria
5206cc4bc2297c833e6061c49bf9c43f,FusionNetwork,DE-70176,Stuttgart,DE,Germany
52092ddbd3a58c450a4459bf051b2287,JupiterThinkers,DE-46045,Oberhausen,DE,Germany
520b493b57809f446cb0a233bb3e25c7,LulzacitePeak,DE-40212,Düsseldorf,DE,Germany
522620dcb18a6b31cd7bdf73665113a9,SmartEnterprises,AT-5040,Salzburg,AT,Austria
5236605f4d4b0b3e4df85b850393fca0,VortexBloom,DE-10117,Berlin,DE,Germany
52454f90d4c30c016768db02f88c1a74,LecontiteReef,DE-20146,Hamburg,DE,Germany
52562a9f449c3dc3d53f5f5b9ed74903,DuskPulse,TR-6410,Ankara,TR,Turkey
525e75a6fb1454a2325ab1734bcec221,ManganneptuniteMoon,DE-1099,Dresden,DE,Germany
5275ca25d0358ca73864e0ae41be1320,HyperThinkers,DE-80335,Munich,DE,Germany
527801b552d0077ffd170872eb49683b,BrightWorks,DE-6116,"Halle (Saale)",DE,Germany
52831e5990d0771cb4951d6f12928167,DeepCommerce,DE-6110,"Halle (Saale)",DE,Germany
528bcf6680c36dddf07620bd35b33a6f,AuroraPulse,DE-10179,Berlin,DE,Germany
528ce32f560edd11add4169f6a5b65be,SmartVentures,DE-26127,Oldenburg,DE,Germany
52956b80ae65fda598f06f6b9943e7a9,ChrysoberylWave,AT-4050,Linz,AT,Austria
